Issuer_Compass_Alias,Date,value
IGPA,2020-06-18 00:00:00,20043.16015625
IGPA,2020-06-19 00:00:00,20234.55078125
IGPA,2020-06-22 00:00:00,20127.69921875
IGPA,2020-06-23 00:00:00,20274.83984375
IGPA,2020-06-24 00:00:00,20295.0
IGPA,2020-06-25 00:00:00,20306.740234375
IGPA,2020-06-26 00:00:00,20100.359375
IGPA,2020-06-30 00:00:00,19969.01953125
IGPA,2020-07-01 00:00:00,20315.630859375
IGPA,2020-07-02 00:00:00,20996.169921875
IGPA,2020-07-03 00:00:00,21147.759765625
IGPA,2020-07-06 00:00:00,21584.94921875
IGPA,2020-07-07 00:00:00,21469.23046875
IGPA,2020-07-08 00:00:00,21127.83984375
IGPA,2020-07-09 00:00:00,20395.240234375
IGPA,2020-07-10 00:00:00,20375.150390625
IGPA,2020-07-13 00:00:00,20783.19921875
IGPA,2020-07-14 00:00:00,21068.01953125
IGPA,2020-07-15 00:00:00,20446.310546875
IGPA,2020-07-17 00:00:00,20217.8203125
IGPA,2020-07-20 00:00:00,19866.98046875
IGPA,2020-07-21 00:00:00,19694.58984375
IGPA,2020-07-22 00:00:00,19952.869140625
IGPA,2020-07-24 00:00:00,20314.900390625
IGPA,2020-07-27 00:00:00,20519.5703125
IGPA,2020-06-17 00:00:00,20063.3
IGPA,2020-06-16 00:00:00,19806.4
IGPA,2020-06-15 00:00:00,19587.27
IGPA,2020-06-12 00:00:00,19990.19
IGPA,2020-06-11 00:00:00,19819.6
IGPA,2020-06-10 00:00:00,20368.61
IGPA,2020-06-09 00:00:00,20661.01
IGPA,2020-06-08 00:00:00,20720.72
IGPA,2020-06-05 00:00:00,20215.54
IGPA,2020-06-04 00:00:00,19502.54
IGPA,2020-06-03 00:00:00,19238.21
IGPA,2020-06-02 00:00:00,18829.74
IGPA,2020-06-01 00:00:00,18516.11
IGPA,2020-05-29 00:00:00,18362.54
IGPA,2020-05-28 00:00:00,18465.5
IGPA,2020-05-27 00:00:00,18947.75
IGPA,2020-05-26 00:00:00,18817.22
IGPA,2020-05-25 00:00:00,18895.59
IGPA,2020-05-22 00:00:00,18773.02
IGPA,2020-05-20 00:00:00,18908.37
IGPA,2020-05-19 00:00:00,18755.2
IGPA,2020-05-18 00:00:00,18881.57
IGPA,2020-05-15 00:00:00,18213.33
IGPA,2020-05-14 00:00:00,18306.36
IGPA,2020-05-13 00:00:00,18160.38
IGPA,2020-05-12 00:00:00,18807.0
IGPA,2020-05-11 00:00:00,19147.96
IGPA,2020-05-08 00:00:00,19172.32
IGPA,2020-05-07 00:00:00,19964.37
IGPA,2020-05-06 00:00:00,19806.55
IGPA,2020-05-05 00:00:00,19615.23
IGPA,2020-05-04 00:00:00,19295.38
IGPA,2020-04-30 00:00:00,19823.33
IGPA,2020-04-29 00:00:00,19987.51
IGPA,2020-04-28 00:00:00,19455.09
IGPA,2020-04-27 00:00:00,19056.93
IGPA,2020-04-24 00:00:00,18483.21
IGPA,2020-04-23 00:00:00,18805.7
IGPA,2020-04-22 00:00:00,18496.4
IGPA,2020-04-21 00:00:00,18381.03
IGPA,2020-04-20 00:00:00,18843.26
IGPA,2020-04-17 00:00:00,19160.19
IGPA,2020-04-16 00:00:00,19058.12
IGPA,2020-04-15 00:00:00,19296.08
IGPA,2020-04-14 00:00:00,19590.56
IGPA,2020-04-13 00:00:00,19293.05
IGPA,2020-04-09 00:00:00,19134.03
IGPA,2020-04-08 00:00:00,18790.2
IGPA,2020-04-07 00:00:00,18506.96
IGPA,2020-04-06 00:00:00,18645.87
IGPA,2020-04-03 00:00:00,18298.05
IGPA,2020-04-02 00:00:00,17814.63
IGPA,2020-04-01 00:00:00,17173.55
IGPA,2020-03-31 00:00:00,17486.77
IGPA,2020-03-30 00:00:00,16651.41
IGPA,2020-03-27 00:00:00,16224.74
IGPA,2020-03-26 00:00:00,16174.86
IGPA,2020-03-25 00:00:00,15738.52
IGPA,2020-03-24 00:00:00,14798.57
IGPA,2020-03-23 00:00:00,14784.91
IGPA,2020-03-20 00:00:00,15597.19
IGPA,2020-03-19 00:00:00,15560.26
IGPA,2020-03-18 00:00:00,14685.25
IGPA,2020-03-17 00:00:00,16560.56
IGPA,2020-03-16 00:00:00,16454.33
IGPA,2020-03-13 00:00:00,18896.25
IGPA,2020-03-12 00:00:00,18725.03
IGPA,2020-03-11 00:00:00,19949.9
IGPA,2020-03-10 00:00:00,20392.82
IGPA,2020-03-09 00:00:00,20239.11
IGPA,2020-03-06 00:00:00,21165.59
IGPA,2020-03-05 00:00:00,21607.34
IGPA,2020-03-04 00:00:00,21807.93
IGPA,2020-03-03 00:00:00,21485.01
IGPA,2020-03-02 00:00:00,21463.73
IGPA,2020-02-28 00:00:00,20748.06
IGPA,2020-02-27 00:00:00,21410.35
IGPA,2020-02-26 00:00:00,21602.23
IGPA,2020-02-25 00:00:00,21926.29
IGPA,2020-02-24 00:00:00,22242.96
IGPA,2020-02-21 00:00:00,22726.97
IGPA,2020-02-20 00:00:00,22762.37
IGPA,2020-02-19 00:00:00,22705.6
IGPA,2020-02-18 00:00:00,22830.34
IGPA,2020-02-17 00:00:00,23239.64
IGPA,2020-02-14 00:00:00,23345.11
IGPA,2020-02-13 00:00:00,23360.48
IGPA,2020-02-12 00:00:00,23402.04
IGPA,2020-02-11 00:00:00,23356.34
IGPA,2020-02-10 00:00:00,23209.5
IGPA,2020-02-07 00:00:00,23469.59
IGPA,2020-02-06 00:00:00,23524.83
IGPA,2020-02-05 00:00:00,23405.74
IGPA,2020-02-04 00:00:00,23373.25
IGPA,2020-02-03 00:00:00,22971.18
IGPA,2020-01-31 00:00:00,22958.19
IGPA,2020-01-30 00:00:00,22861.92
IGPA,2020-01-29 00:00:00,22962.97
IGPA,2020-01-28 00:00:00,22965.8
IGPA,2020-01-27 00:00:00,22933.43
IGPA,2020-01-24 00:00:00,23310.2
IGPA,2020-01-23 00:00:00,23355.92
IGPA,2020-01-22 00:00:00,23454.72
IGPA,2020-01-21 00:00:00,23580.72
IGPA,2020-01-20 00:00:00,24113.09
IGPA,2020-01-17 00:00:00,24392.02
IGPA,2020-01-16 00:00:00,24425.92
IGPA,2020-01-15 00:00:00,24387.9
IGPA,2020-01-14 00:00:00,24565.22
IGPA,2020-01-13 00:00:00,24720.61
IGPA,2020-01-10 00:00:00,24861.18
IGPA,2020-01-09 00:00:00,24429.78
IGPA,2020-01-08 00:00:00,24490.55
IGPA,2020-01-07 00:00:00,24499.85
IGPA,2020-01-06 00:00:00,24342.38
IGPA,2020-01-03 00:00:00,24141.94
IGPA,2020-01-02 00:00:00,23985.35
IGPA,2019-12-30 00:00:00,23393.53
IGPA,2019-12-27 00:00:00,23376.72
IGPA,2019-12-26 00:00:00,23381.42
IGPA,2019-12-24 00:00:00,23563.91
IGPA,2019-12-23 00:00:00,23613.29
IGPA,2019-12-20 00:00:00,23662.72
IGPA,2019-12-19 00:00:00,23727.31
IGPA,2019-12-18 00:00:00,23667.42
IGPA,2019-12-17 00:00:00,24026.43
IGPA,2019-12-16 00:00:00,24316.37
IGPA,2019-12-13 00:00:00,24350.41
IGPA,2019-12-12 00:00:00,24006.09
IGPA,2019-12-11 00:00:00,23858.13
IGPA,2019-12-10 00:00:00,23729.39
IGPA,2019-12-09 00:00:00,23664.55
IGPA,2019-12-06 00:00:00,23560.12
IGPA,2019-12-05 00:00:00,23600.44
IGPA,2019-12-04 00:00:00,23150.19
IGPA,2019-12-03 00:00:00,22471.98
IGPA,2019-12-02 00:00:00,22523.21
IGPA,2019-11-29 00:00:00,22705.71
IGPA,2019-11-28 00:00:00,22609.03
IGPA,2019-11-27 00:00:00,22978.36
IGPA,2019-11-26 00:00:00,22845.21
IGPA,2019-11-25 00:00:00,23270.76
IGPA,2019-11-22 00:00:00,23605.28
IGPA,2019-11-21 00:00:00,23676.38
IGPA,2019-11-20 00:00:00,23870.91
IGPA,2019-11-19 00:00:00,23908.66
IGPA,2019-11-18 00:00:00,24022.51
IGPA,2019-11-15 00:00:00,24218.59
IGPA,2019-11-14 00:00:00,22434.13
IGPA,2019-11-13 00:00:00,22059.41
IGPA,2019-11-12 00:00:00,22709.5
IGPA,2019-11-11 00:00:00,23110.32
IGPA,2019-11-08 00:00:00,23470.37
IGPA,2019-11-07 00:00:00,23392.03
IGPA,2019-11-06 00:00:00,23082.76
IGPA,2019-11-05 00:00:00,23737.58
IGPA,2019-11-04 00:00:00,24106.45
IGPA,2019-10-30 00:00:00,23838.15
IGPA,2019-10-29 00:00:00,24541.55
IGPA,2019-10-28 00:00:00,24960.0
IGPA,2019-10-25 00:00:00,24888.28
IGPA,2019-10-24 00:00:00,25222.48
IGPA,2019-10-23 00:00:00,24760.1
IGPA,2019-10-22 00:00:00,25154.6
IGPA,2019-10-21 00:00:00,24985.61
IGPA,2019-10-18 00:00:00,26136.79
IGPA,2019-10-17 00:00:00,26043.2
IGPA,2019-10-16 00:00:00,25938.17
IGPA,2019-10-15 00:00:00,25970.69
IGPA,2019-10-14 00:00:00,25852.0
IGPA,2019-10-11 00:00:00,25871.53
IGPA,2019-10-10 00:00:00,25478.9
IGPA,2019-10-09 00:00:00,25374.29
IGPA,2019-10-08 00:00:00,25411.94
IGPA,2019-10-07 00:00:00,25454.46
IGPA,2019-10-04 00:00:00,25400.26
IGPA,2019-10-03 00:00:00,25220.26
IGPA,2019-10-02 00:00:00,25300.78
IGPA,2019-10-01 00:00:00,25383.85
IGPA,2019-09-30 00:00:00,25455.44
IGPA,2019-09-27 00:00:00,25637.41
IGPA,2019-09-26 00:00:00,25287.35
IGPA,2019-09-25 00:00:00,25199.43
IGPA,2019-09-24 00:00:00,25180.37
IGPA,2019-09-23 00:00:00,25303.86
IGPA,2019-09-17 00:00:00,25502.13
IGPA,2019-09-16 00:00:00,25479.54
IGPA,2019-09-13 00:00:00,25191.15
IGPA,2019-09-12 00:00:00,25056.14
IGPA,2019-09-11 00:00:00,24965.64
IGPA,2019-09-10 00:00:00,24616.5
IGPA,2019-09-09 00:00:00,24517.26
IGPA,2019-09-06 00:00:00,24351.49
IGPA,2019-09-05 00:00:00,24319.53
IGPA,2019-09-04 00:00:00,24051.02
IGPA,2019-09-03 00:00:00,23885.1
IGPA,2019-09-02 00:00:00,24135.87
IGPA,2019-08-30 00:00:00,24278.74
IGPA,2019-08-29 00:00:00,23788.33
IGPA,2019-08-28 00:00:00,23426.46
IGPA,2019-08-27 00:00:00,23427.6
IGPA,2019-08-26 00:00:00,23495.07
IGPA,2019-08-23 00:00:00,23637.94
IGPA,2019-08-22 00:00:00,24061.66
IGPA,2019-08-21 00:00:00,24287.04
IGPA,2019-08-20 00:00:00,24265.87
IGPA,2019-08-19 00:00:00,24329.05
IGPA,2019-08-16 00:00:00,24385.55
IGPA,2019-08-14 00:00:00,24317.71
IGPA,2019-08-13 00:00:00,24595.12
IGPA,2019-08-12 00:00:00,24509.12
IGPA,2019-08-09 00:00:00,24902.87
IGPA,2019-08-08 00:00:00,24897.28
IGPA,2019-08-07 00:00:00,24453.67
IGPA,2019-08-06 00:00:00,24326.22
IGPA,2019-08-05 00:00:00,24339.58
IGPA,2019-08-02 00:00:00,24855.01
IGPA,2019-08-01 00:00:00,25117.36
IGPA,2019-07-31 00:00:00,25280.7
IGPA,2019-07-30 00:00:00,25385.69
IGPA,2019-07-29 00:00:00,25370.36
IGPA,2019-07-26 00:00:00,25292.82
IGPA,2019-07-25 00:00:00,25345.68
IGPA,2019-07-24 00:00:00,25262.38
IGPA,2019-07-23 00:00:00,25410.93
IGPA,2019-07-22 00:00:00,25571.71
IGPA,2019-07-19 00:00:00,25669.67
IGPA,2019-07-18 00:00:00,25621.79
IGPA,2019-07-17 00:00:00,25666.67
IGPA,2019-07-15 00:00:00,25777.0
IGPA,2019-07-12 00:00:00,25732.13
IGPA,2019-07-11 00:00:00,25769.35
IGPA,2019-07-10 00:00:00,25761.78
IGPA,2019-07-09 00:00:00,25686.14
IGPA,2019-07-08 00:00:00,25746.53
IGPA,2019-07-05 00:00:00,25779.58
IGPA,2019-07-04 00:00:00,25701.58
IGPA,2019-07-03 00:00:00,25702.02
IGPA,2019-07-02 00:00:00,25515.86
IGPA,2019-07-01 00:00:00,25748.85
IGPA,2019-06-28 00:00:00,25782.14
IGPA,2019-06-27 00:00:00,25802.29
IGPA,2019-06-26 00:00:00,25837.47
IGPA,2019-06-25 00:00:00,25893.15
IGPA,2019-06-24 00:00:00,25850.81
IGPA,2019-06-21 00:00:00,25714.0
IGPA,2019-06-20 00:00:00,25710.67
IGPA,2019-06-19 00:00:00,25583.38
IGPA,2019-06-18 00:00:00,25619.6
IGPA,2019-06-17 00:00:00,25561.01
IGPA,2019-06-14 00:00:00,25706.91
IGPA,2019-06-13 00:00:00,25767.95
IGPA,2019-06-12 00:00:00,25755.23
IGPA,2019-06-11 00:00:00,25763.88
IGPA,2019-06-10 00:00:00,25531.97
IGPA,2019-06-07 00:00:00,25241.13
IGPA,2019-06-06 00:00:00,25139.8
IGPA,2019-06-05 00:00:00,25276.57
IGPA,2019-06-04 00:00:00,25482.48
IGPA,2019-06-03 00:00:00,25523.33
IGPA,2019-05-31 00:00:00,25352.28
IGPA,2019-05-30 00:00:00,25169.21
IGPA,2019-05-29 00:00:00,24925.18
IGPA,2019-05-28 00:00:00,24602.78
IGPA,2019-05-27 00:00:00,24821.69
IGPA,2019-05-24 00:00:00,24952.52
IGPA,2019-05-23 00:00:00,25010.9
IGPA,2019-05-22 00:00:00,25158.27
IGPA,2019-05-20 00:00:00,25125.24
IGPA,2019-05-17 00:00:00,25186.32
IGPA,2019-05-16 00:00:00,25405.3
IGPA,2019-05-15 00:00:00,25522.04
IGPA,2019-05-14 00:00:00,25580.99
IGPA,2019-05-13 00:00:00,25374.75
IGPA,2019-05-10 00:00:00,25742.93
IGPA,2019-05-09 00:00:00,25707.25
IGPA,2019-05-08 00:00:00,25769.82
IGPA,2019-05-07 00:00:00,25843.05
IGPA,2019-05-06 00:00:00,26077.01
IGPA,2019-05-03 00:00:00,26097.01
IGPA,2019-05-02 00:00:00,26129.03
IGPA,2019-04-30 00:00:00,26331.76
IGPA,2019-04-29 00:00:00,26252.52
IGPA,2019-04-26 00:00:00,26334.43
IGPA,2019-04-25 00:00:00,26240.18
IGPA,2019-04-24 00:00:00,26364.45
IGPA,2019-04-23 00:00:00,26437.45
IGPA,2019-04-22 00:00:00,26536.52
IGPA,2019-04-18 00:00:00,26654.85
IGPA,2019-04-17 00:00:00,26726.51
IGPA,2019-04-16 00:00:00,26655.4
IGPA,2019-04-15 00:00:00,26530.61
IGPA,2019-04-12 00:00:00,26570.0
IGPA,2019-04-11 00:00:00,26633.47
IGPA,2019-04-10 00:00:00,26790.71
IGPA,2019-04-09 00:00:00,26768.44
IGPA,2019-04-08 00:00:00,26718.22
IGPA,2019-04-05 00:00:00,26622.84
IGPA,2019-04-04 00:00:00,26742.26
IGPA,2019-04-03 00:00:00,26492.67
IGPA,2019-04-02 00:00:00,26447.03
IGPA,2019-04-01 00:00:00,26649.84
IGPA,2019-03-29 00:00:00,26643.94
IGPA,2019-03-28 00:00:00,26424.28
IGPA,2019-03-27 00:00:00,26248.56
IGPA,2019-03-26 00:00:00,26321.85
IGPA,2019-03-25 00:00:00,26329.87
IGPA,2019-03-22 00:00:00,26409.77
IGPA,2019-03-21 00:00:00,26628.07
IGPA,2019-03-20 00:00:00,26550.69
IGPA,2019-03-19 00:00:00,26817.67
IGPA,2019-03-18 00:00:00,26893.33
IGPA,2019-03-15 00:00:00,26880.72
IGPA,2019-03-14 00:00:00,26812.46
IGPA,2019-03-13 00:00:00,26875.16
IGPA,2019-03-12 00:00:00,26781.93
IGPA,2019-03-11 00:00:00,26808.16
IGPA,2019-03-08 00:00:00,26704.92
IGPA,2019-03-07 00:00:00,26623.48
IGPA,2019-03-06 00:00:00,26615.31
IGPA,2019-03-05 00:00:00,26517.15
IGPA,2019-03-04 00:00:00,26571.93
IGPA,2019-03-01 00:00:00,26742.03
IGPA,2019-02-28 00:00:00,26797.42
IGPA,2019-02-27 00:00:00,27140.46
IGPA,2019-02-26 00:00:00,27598.0
IGPA,2019-02-25 00:00:00,27620.97
IGPA,2019-02-22 00:00:00,27638.81
IGPA,2019-02-21 00:00:00,27455.76
IGPA,2019-02-20 00:00:00,27337.34
IGPA,2019-02-19 00:00:00,27241.43
IGPA,2019-02-18 00:00:00,27177.14
IGPA,2019-02-15 00:00:00,27299.02
IGPA,2019-02-14 00:00:00,27213.21
IGPA,2019-02-13 00:00:00,27262.15
IGPA,2019-02-12 00:00:00,27253.25
IGPA,2019-02-11 00:00:00,27220.99
IGPA,2019-02-08 00:00:00,27223.77
IGPA,2019-02-07 00:00:00,27438.65
IGPA,2019-02-06 00:00:00,27432.45
IGPA,2019-02-05 00:00:00,27584.88
IGPA,2019-02-04 00:00:00,27602.68
IGPA,2019-02-01 00:00:00,27508.46
IGPA,2019-01-31 00:00:00,27317.47
IGPA,2019-01-30 00:00:00,27203.31
IGPA,2019-01-29 00:00:00,27326.28
IGPA,2019-01-28 00:00:00,27447.24
IGPA,2019-01-25 00:00:00,27431.39
IGPA,2019-01-24 00:00:00,27319.48
IGPA,2019-01-23 00:00:00,27265.45
IGPA,2019-01-22 00:00:00,27248.27
IGPA,2019-01-21 00:00:00,27512.71
IGPA,2019-01-18 00:00:00,27598.82
IGPA,2019-01-17 00:00:00,27410.99
IGPA,2019-01-16 00:00:00,27325.61
IGPA,2019-01-15 00:00:00,27134.51
IGPA,2019-01-14 00:00:00,27064.96
IGPA,2019-01-11 00:00:00,27047.95
IGPA,2019-01-10 00:00:00,26795.77
IGPA,2019-01-09 00:00:00,26631.56
IGPA,2019-01-08 00:00:00,26433.95
IGPA,2019-01-07 00:00:00,26299.34
IGPA,2019-01-04 00:00:00,26300.69
IGPA,2019-01-03 00:00:00,26033.81
IGPA,2019-01-02 00:00:00,26032.0
IGPA,2018-12-28 00:00:00,25949.84
IGPA,2018-12-27 00:00:00,25786.57
IGPA,2018-12-26 00:00:00,25742.11
IGPA,2018-12-24 00:00:00,25607.18
IGPA,2018-12-21 00:00:00,25725.57
IGPA,2018-12-20 00:00:00,25708.04
IGPA,2018-12-19 00:00:00,25968.77
IGPA,2018-12-18 00:00:00,25986.82
IGPA,2018-12-17 00:00:00,25940.66
IGPA,2018-12-14 00:00:00,26184.48
IGPA,2018-12-13 00:00:00,26158.04
IGPA,2018-12-12 00:00:00,25974.82
IGPA,2018-12-11 00:00:00,25769.64
IGPA,2018-12-10 00:00:00,25614.16
IGPA,2018-12-07 00:00:00,25878.97
IGPA,2018-12-06 00:00:00,26002.81
IGPA,2018-12-05 00:00:00,26104.78
IGPA,2018-12-04 00:00:00,26137.07
IGPA,2018-12-03 00:00:00,26159.7
IGPA,2018-11-30 00:00:00,25965.55
IGPA,2018-11-29 00:00:00,26138.61
IGPA,2018-11-28 00:00:00,25964.48
IGPA,2018-11-27 00:00:00,26026.61
IGPA,2018-11-26 00:00:00,26052.87
IGPA,2018-11-23 00:00:00,26095.5
IGPA,2018-11-22 00:00:00,25995.73
IGPA,2018-11-21 00:00:00,26064.23
IGPA,2018-11-20 00:00:00,25939.53
IGPA,2018-11-19 00:00:00,26215.83
IGPA,2018-11-16 00:00:00,26328.34
IGPA,2018-11-15 00:00:00,26270.17
IGPA,2018-11-14 00:00:00,26103.38
IGPA,2018-11-13 00:00:00,26084.13
IGPA,2018-11-12 00:00:00,26175.59
IGPA,2018-11-09 00:00:00,26301.23
IGPA,2018-11-08 00:00:00,26528.83
IGPA,2018-11-07 00:00:00,26504.57
IGPA,2018-11-06 00:00:00,26501.12
IGPA,2018-11-05 00:00:00,26620.85
IGPA,2018-10-31 00:00:00,25979.23
IGPA,2018-10-30 00:00:00,25569.85
IGPA,2018-10-29 00:00:00,25794.62
IGPA,2018-10-26 00:00:00,26056.06
IGPA,2018-10-25 00:00:00,26135.67
IGPA,2018-10-24 00:00:00,26158.68
IGPA,2018-10-23 00:00:00,26048.37
IGPA,2018-10-22 00:00:00,26086.85
IGPA,2018-10-19 00:00:00,26084.09
IGPA,2018-10-18 00:00:00,26108.03
IGPA,2018-10-17 00:00:00,26223.97
IGPA,2018-10-16 00:00:00,26253.63
IGPA,2018-10-12 00:00:00,26251.46
IGPA,2018-10-11 00:00:00,26340.12
IGPA,2018-10-10 00:00:00,26658.9
IGPA,2018-10-09 00:00:00,26979.26
IGPA,2018-10-08 00:00:00,27081.22
IGPA,2018-10-05 00:00:00,26792.58
IGPA,2018-10-04 00:00:00,27088.92
IGPA,2018-10-03 00:00:00,27161.32
IGPA,2018-10-02 00:00:00,27063.79
IGPA,2018-10-01 00:00:00,26949.41
IGPA,2018-09-28 00:00:00,26885.86
IGPA,2018-09-27 00:00:00,27028.48
IGPA,2018-09-26 00:00:00,27077.1
IGPA,2018-09-25 00:00:00,27181.21
IGPA,2018-09-24 00:00:00,27293.21
IGPA,2018-09-21 00:00:00,27607.13
IGPA,2018-09-20 00:00:00,27534.78
IGPA,2018-09-14 00:00:00,27104.65
IGPA,2018-09-13 00:00:00,27117.48
IGPA,2018-09-12 00:00:00,26652.25
IGPA,2018-09-11 00:00:00,26417.83
IGPA,2018-09-10 00:00:00,26387.7
IGPA,2018-09-07 00:00:00,26452.09
IGPA,2018-09-06 00:00:00,26164.61
IGPA,2018-09-05 00:00:00,26023.69
IGPA,2018-09-04 00:00:00,26184.27
IGPA,2018-09-03 00:00:00,26456.44
IGPA,2018-08-31 00:00:00,26589.85
IGPA,2018-08-30 00:00:00,26470.59
IGPA,2018-08-29 00:00:00,26697.53
IGPA,2018-08-28 00:00:00,26679.65
IGPA,2018-08-27 00:00:00,26656.49
IGPA,2018-08-24 00:00:00,26561.36
IGPA,2018-08-23 00:00:00,26595.27
IGPA,2018-08-22 00:00:00,26638.51
IGPA,2018-08-21 00:00:00,26529.7
IGPA,2018-08-20 00:00:00,26496.83
IGPA,2018-08-17 00:00:00,26502.46
IGPA,2018-08-16 00:00:00,26582.79
IGPA,2018-08-14 00:00:00,26645.88
IGPA,2018-08-13 00:00:00,26463.75
IGPA,2018-08-10 00:00:00,26663.91
IGPA,2018-08-09 00:00:00,26790.4
IGPA,2018-08-08 00:00:00,26900.14
IGPA,2018-08-07 00:00:00,26919.33
IGPA,2018-08-06 00:00:00,27079.69
IGPA,2018-08-03 00:00:00,27256.71
IGPA,2018-08-02 00:00:00,27140.31
IGPA,2018-08-01 00:00:00,27187.16
IGPA,2018-07-31 00:00:00,27360.34
IGPA,2018-07-30 00:00:00,27122.01
IGPA,2018-07-27 00:00:00,27088.99
IGPA,2018-07-26 00:00:00,27397.54
IGPA,2018-07-25 00:00:00,27444.34
IGPA,2018-07-24 00:00:00,27442.48
IGPA,2018-07-23 00:00:00,27238.61
IGPA,2018-07-20 00:00:00,27337.74
IGPA,2018-07-19 00:00:00,27083.49
IGPA,2018-07-18 00:00:00,27165.34
IGPA,2018-07-17 00:00:00,27063.65
IGPA,2018-07-13 00:00:00,26849.63
IGPA,2018-07-12 00:00:00,26765.02
IGPA,2018-07-11 00:00:00,26821.32
IGPA,2018-07-10 00:00:00,26946.7
IGPA,2018-07-09 00:00:00,26965.15
IGPA,2018-07-06 00:00:00,26798.15
IGPA,2018-07-05 00:00:00,26710.33
IGPA,2018-07-04 00:00:00,26590.48
IGPA,2018-07-03 00:00:00,26646.96
IGPA,2018-06-29 00:00:00,26843.21
IGPA,2018-06-28 00:00:00,26649.35
IGPA,2018-06-27 00:00:00,26796.47
IGPA,2018-06-26 00:00:00,26860.78
IGPA,2018-06-25 00:00:00,26841.09
IGPA,2018-06-22 00:00:00,27231.05
IGPA,2018-06-21 00:00:00,27234.79
IGPA,2018-06-20 00:00:00,27383.77
IGPA,2018-06-19 00:00:00,27455.14
IGPA,2018-06-18 00:00:00,27538.67
IGPA,2018-06-15 00:00:00,27658.37
IGPA,2018-06-14 00:00:00,27920.8
IGPA,2018-06-13 00:00:00,27943.04
IGPA,2018-06-12 00:00:00,28017.96
IGPA,2018-06-11 00:00:00,27923.96
IGPA,2018-06-08 00:00:00,27937.27
IGPA,2018-06-07 00:00:00,27667.69
IGPA,2018-06-06 00:00:00,27797.3
IGPA,2018-06-05 00:00:00,27928.49
IGPA,2018-06-04 00:00:00,28097.55
IGPA,2018-06-01 00:00:00,27705.23
IGPA,2018-05-31 00:00:00,27625.84
IGPA,2018-05-30 00:00:00,27786.61
IGPA,2018-05-29 00:00:00,27830.22
IGPA,2018-05-28 00:00:00,28184.57
IGPA,2018-05-25 00:00:00,28205.51
IGPA,2018-05-24 00:00:00,28166.52
IGPA,2018-05-23 00:00:00,28400.96
IGPA,2018-05-22 00:00:00,28540.85
IGPA,2018-05-18 00:00:00,28679.66
IGPA,2018-05-17 00:00:00,28762.7
IGPA,2018-05-16 00:00:00,28957.44
IGPA,2018-05-15 00:00:00,28864.68
IGPA,2018-05-14 00:00:00,28783.23
IGPA,2018-05-11 00:00:00,28796.25
IGPA,2018-05-10 00:00:00,28819.98
IGPA,2018-05-09 00:00:00,28569.88
IGPA,2018-05-08 00:00:00,28444.36
IGPA,2018-05-07 00:00:00,28443.18
IGPA,2018-05-04 00:00:00,28344.67
IGPA,2018-05-03 00:00:00,28413.3
IGPA,2018-05-02 00:00:00,28648.74
IGPA,2018-04-30 00:00:00,28699.31
IGPA,2018-04-27 00:00:00,28582.26
IGPA,2018-04-26 00:00:00,28533.19
IGPA,2018-04-25 00:00:00,28494.33
IGPA,2018-04-24 00:00:00,28542.4
IGPA,2018-04-23 00:00:00,28670.33
IGPA,2018-04-20 00:00:00,28575.11
IGPA,2018-04-19 00:00:00,28464.94
IGPA,2018-04-18 00:00:00,28408.7
IGPA,2018-04-17 00:00:00,28171.83
IGPA,2018-04-16 00:00:00,28096.84
IGPA,2018-04-13 00:00:00,28166.5
IGPA,2018-04-12 00:00:00,28162.22
IGPA,2018-04-11 00:00:00,28082.3
IGPA,2018-04-10 00:00:00,28062.85
IGPA,2018-04-09 00:00:00,28012.69
IGPA,2018-04-06 00:00:00,27973.86
IGPA,2018-04-05 00:00:00,28060.86
IGPA,2018-04-04 00:00:00,27759.85
IGPA,2018-04-03 00:00:00,27712.27
IGPA,2018-04-02 00:00:00,27569.52
IGPA,2018-03-29 00:00:00,27736.23
IGPA,2018-03-28 00:00:00,27402.25
IGPA,2018-03-27 00:00:00,27463.33
IGPA,2018-03-26 00:00:00,27327.55
IGPA,2018-03-23 00:00:00,27530.52
IGPA,2018-03-22 00:00:00,27661.66
IGPA,2018-03-21 00:00:00,27751.47
IGPA,2018-03-20 00:00:00,27788.61
IGPA,2018-03-19 00:00:00,27940.19
IGPA,2018-03-16 00:00:00,28033.02
IGPA,2018-03-15 00:00:00,27991.52
IGPA,2018-03-14 00:00:00,28109.27
IGPA,2018-03-13 00:00:00,28171.41
IGPA,2018-03-12 00:00:00,28259.19
IGPA,2018-03-09 00:00:00,28197.82
IGPA,2018-03-08 00:00:00,27909.01
IGPA,2018-03-07 00:00:00,27802.34
IGPA,2018-03-06 00:00:00,27800.45
IGPA,2018-03-05 00:00:00,27765.32
IGPA,2018-03-02 00:00:00,27799.46
IGPA,2018-03-01 00:00:00,27806.64
IGPA,2018-02-28 00:00:00,28132.19
IGPA,2018-02-27 00:00:00,28312.64
IGPA,2018-02-26 00:00:00,28436.54
IGPA,2018-02-23 00:00:00,28783.39
IGPA,2018-02-22 00:00:00,28711.57
IGPA,2018-02-21 00:00:00,28633.19
IGPA,2018-02-20 00:00:00,28492.04
IGPA,2018-02-19 00:00:00,28318.38
IGPA,2018-02-16 00:00:00,28293.23
IGPA,2018-02-15 00:00:00,28317.77
IGPA,2018-02-14 00:00:00,28025.03
IGPA,2018-02-13 00:00:00,27782.93
IGPA,2018-02-12 00:00:00,28047.82
IGPA,2018-02-09 00:00:00,28011.21
IGPA,2018-02-08 00:00:00,28522.44
IGPA,2018-02-07 00:00:00,28953.99
IGPA,2018-02-06 00:00:00,28720.16
IGPA,2018-02-05 00:00:00,28894.17
IGPA,2018-02-02 00:00:00,29293.29
IGPA,2018-02-01 00:00:00,29465.12
IGPA,2018-01-31 00:00:00,29419.79
IGPA,2018-01-30 00:00:00,29422.21
IGPA,2018-01-29 00:00:00,29518.17
IGPA,2018-01-26 00:00:00,29413.5
IGPA,2018-01-25 00:00:00,29216.55
IGPA,2018-01-24 00:00:00,29149.36
IGPA,2018-01-23 00:00:00,29154.83
IGPA,2018-01-22 00:00:00,29274.61
IGPA,2018-01-19 00:00:00,29402.17
IGPA,2018-01-18 00:00:00,29318.27
IGPA,2018-01-17 00:00:00,29076.71
IGPA,2018-01-15 00:00:00,28911.17
IGPA,2018-01-12 00:00:00,28829.85
IGPA,2018-01-11 00:00:00,28755.21
IGPA,2018-01-10 00:00:00,28570.82
IGPA,2018-01-09 00:00:00,28718.87
IGPA,2018-01-08 00:00:00,28696.76
IGPA,2018-01-05 00:00:00,28636.41
IGPA,2018-01-04 00:00:00,28327.69
IGPA,2018-01-03 00:00:00,28227.92
IGPA,2018-01-02 00:00:00,28220.56
IGPA,2017-12-29 00:00:00,27980.78
IGPA,2017-12-28 00:00:00,27910.38
IGPA,2017-12-27 00:00:00,27662.29
IGPA,2017-12-26 00:00:00,27745.2
IGPA,2017-12-22 00:00:00,27851.01
IGPA,2017-12-21 00:00:00,27454.48
IGPA,2017-12-20 00:00:00,27795.22
IGPA,2017-12-19 00:00:00,28035.8
IGPA,2017-12-18 00:00:00,28060.93
IGPA,2017-12-15 00:00:00,26234.79
IGPA,2017-12-14 00:00:00,25682.7
IGPA,2017-12-13 00:00:00,25780.68
IGPA,2017-12-12 00:00:00,25334.27
IGPA,2017-12-11 00:00:00,25211.15
IGPA,2017-12-07 00:00:00,24616.08
IGPA,2017-12-06 00:00:00,24613.77
IGPA,2017-12-05 00:00:00,24808.21
IGPA,2017-12-04 00:00:00,25233.71
IGPA,2017-12-01 00:00:00,25274.71
IGPA,2017-11-30 00:00:00,25167.46
IGPA,2017-11-29 00:00:00,25216.59
IGPA,2017-11-28 00:00:00,25447.12
IGPA,2017-11-27 00:00:00,25337.51
IGPA,2017-11-24 00:00:00,25366.8
IGPA,2017-11-23 00:00:00,25361.77
IGPA,2017-11-22 00:00:00,25811.69
IGPA,2017-11-21 00:00:00,26150.52
IGPA,2017-11-20 00:00:00,25604.57
IGPA,2017-11-17 00:00:00,27139.76
IGPA,2017-11-16 00:00:00,26788.54
IGPA,2017-11-15 00:00:00,26588.18
IGPA,2017-11-14 00:00:00,26759.95
IGPA,2017-11-13 00:00:00,26899.03
IGPA,2017-11-10 00:00:00,27175.04
IGPA,2017-11-09 00:00:00,27398.66
IGPA,2017-11-08 00:00:00,27593.51
IGPA,2017-11-07 00:00:00,27600.91
IGPA,2017-11-06 00:00:00,27773.58
IGPA,2017-11-03 00:00:00,27580.52
IGPA,2017-11-02 00:00:00,27690.41
IGPA,2017-10-31 00:00:00,28028.35
IGPA,2017-10-30 00:00:00,28099.38
IGPA,2017-10-26 00:00:00,27657.71
IGPA,2017-10-25 00:00:00,27566.79
IGPA,2017-10-24 00:00:00,27748.69
IGPA,2017-10-23 00:00:00,27849.3
IGPA,2017-10-20 00:00:00,27671.88
IGPA,2017-10-19 00:00:00,27463.19
IGPA,2017-10-18 00:00:00,27649.69
IGPA,2017-10-17 00:00:00,27483.57
IGPA,2017-10-16 00:00:00,27476.61
IGPA,2017-10-13 00:00:00,27343.11
IGPA,2017-10-12 00:00:00,27219.85
IGPA,2017-10-11 00:00:00,27359.63
IGPA,2017-10-10 00:00:00,27401.87
IGPA,2017-10-06 00:00:00,27432.86
IGPA,2017-10-05 00:00:00,27210.85
IGPA,2017-10-04 00:00:00,27246.41
IGPA,2017-10-03 00:00:00,27086.96
IGPA,2017-10-02 00:00:00,26838.49
IGPA,2017-09-29 00:00:00,26682.39
IGPA,2017-09-28 00:00:00,26535.52
IGPA,2017-09-27 00:00:00,26476.33
IGPA,2017-09-26 00:00:00,26293.31
IGPA,2017-09-25 00:00:00,26273.93
IGPA,2017-09-22 00:00:00,26406.84
IGPA,2017-09-21 00:00:00,26391.9
IGPA,2017-09-20 00:00:00,26147.32
IGPA,2017-09-15 00:00:00,25973.23
IGPA,2017-09-14 00:00:00,25784.98
IGPA,2017-09-13 00:00:00,25804.31
IGPA,2017-09-12 00:00:00,25832.03
IGPA,2017-09-11 00:00:00,25759.71
IGPA,2017-09-08 00:00:00,25475.58
IGPA,2017-09-07 00:00:00,25563.53
IGPA,2017-09-06 00:00:00,25416.5
IGPA,2017-09-05 00:00:00,25657.5
IGPA,2017-09-04 00:00:00,25721.5
IGPA,2017-09-01 00:00:00,25838.5
IGPA,2017-08-31 00:00:00,25726.7
IGPA,2017-08-30 00:00:00,25731.08
IGPA,2017-08-29 00:00:00,25764.71
IGPA,2017-08-28 00:00:00,25807.69
IGPA,2017-08-25 00:00:00,25842.31
IGPA,2017-08-24 00:00:00,25725.99
IGPA,2017-08-23 00:00:00,25613.97
IGPA,2017-08-22 00:00:00,25564.4
IGPA,2017-08-21 00:00:00,25494.58
IGPA,2017-08-18 00:00:00,25544.22
IGPA,2017-08-17 00:00:00,25510.82
IGPA,2017-08-16 00:00:00,25501.52
IGPA,2017-08-14 00:00:00,25275.43
IGPA,2017-08-11 00:00:00,25122.29
IGPA,2017-08-10 00:00:00,25228.95
IGPA,2017-08-09 00:00:00,25361.91
IGPA,2017-08-08 00:00:00,25543.88
IGPA,2017-08-07 00:00:00,25627.62
IGPA,2017-08-04 00:00:00,25480.89
IGPA,2017-08-03 00:00:00,25334.39
IGPA,2017-08-02 00:00:00,25449.15
IGPA,2017-08-01 00:00:00,25357.91
IGPA,2017-07-31 00:00:00,25312.82
IGPA,2017-07-28 00:00:00,25354.16
IGPA,2017-07-27 00:00:00,25234.41
IGPA,2017-07-26 00:00:00,25190.39
IGPA,2017-07-25 00:00:00,25142.01
IGPA,2017-07-24 00:00:00,25078.98
IGPA,2017-07-21 00:00:00,25028.84
IGPA,2017-07-20 00:00:00,25149.51
IGPA,2017-07-19 00:00:00,25150.22
IGPA,2017-07-18 00:00:00,25151.92
IGPA,2017-07-17 00:00:00,25171.34
IGPA,2017-07-14 00:00:00,24955.16
IGPA,2017-07-13 00:00:00,24879.35
IGPA,2017-07-12 00:00:00,24734.33
IGPA,2017-07-11 00:00:00,24459.55
IGPA,2017-07-10 00:00:00,24492.69
IGPA,2017-07-07 00:00:00,24286.47
IGPA,2017-07-06 00:00:00,24176.32
IGPA,2017-07-05 00:00:00,24240.21
IGPA,2017-07-04 00:00:00,24187.52
IGPA,2017-07-03 00:00:00,23956.83
IGPA,2017-06-30 00:00:00,23787.44
IGPA,2017-06-29 00:00:00,23707.04
IGPA,2017-06-28 00:00:00,23784.7
IGPA,2017-06-27 00:00:00,23839.04
IGPA,2017-06-23 00:00:00,23878.79
IGPA,2017-06-22 00:00:00,23838.24
IGPA,2017-06-21 00:00:00,23818.33
IGPA,2017-06-20 00:00:00,24016.22
IGPA,2017-06-19 00:00:00,24156.87
IGPA,2017-06-16 00:00:00,24211.86
IGPA,2017-06-15 00:00:00,24275.96
IGPA,2017-06-14 00:00:00,24419.97
IGPA,2017-06-13 00:00:00,24432.61
IGPA,2017-06-12 00:00:00,24298.9
IGPA,2017-06-09 00:00:00,24287.06
IGPA,2017-06-08 00:00:00,24363.06
IGPA,2017-06-07 00:00:00,24508.2
IGPA,2017-06-06 00:00:00,24605.59
IGPA,2017-06-05 00:00:00,24542.71
IGPA,2017-06-02 00:00:00,24558.02
IGPA,2017-06-01 00:00:00,24508.3
IGPA,2017-05-31 00:00:00,24354.53
IGPA,2017-05-30 00:00:00,24572.19
IGPA,2017-05-29 00:00:00,24529.23
IGPA,2017-05-26 00:00:00,24515.14
IGPA,2017-05-25 00:00:00,24441.7
IGPA,2017-05-24 00:00:00,24440.83
IGPA,2017-05-23 00:00:00,24270.25
IGPA,2017-05-22 00:00:00,24123.68
IGPA,2017-05-19 00:00:00,24084.75
IGPA,2017-05-18 00:00:00,23992.23
IGPA,2017-05-17 00:00:00,24357.55
IGPA,2017-05-16 00:00:00,24448.43
IGPA,2017-05-15 00:00:00,24511.09
IGPA,2017-05-12 00:00:00,24331.46
IGPA,2017-05-11 00:00:00,24172.49
IGPA,2017-05-10 00:00:00,24203.18
IGPA,2017-05-09 00:00:00,24127.58
IGPA,2017-05-08 00:00:00,24204.98
IGPA,2017-05-05 00:00:00,24297.93
IGPA,2017-05-04 00:00:00,24330.38
IGPA,2017-05-03 00:00:00,24349.26
IGPA,2017-05-02 00:00:00,24466.31
IGPA,2017-04-28 00:00:00,24088.63
IGPA,2017-04-27 00:00:00,24038.81
IGPA,2017-04-26 00:00:00,24357.92
IGPA,2017-04-25 00:00:00,24432.93
IGPA,2017-04-24 00:00:00,24347.71
IGPA,2017-04-21 00:00:00,24160.77
IGPA,2017-04-20 00:00:00,24133.41
IGPA,2017-04-18 00:00:00,24281.11
IGPA,2017-04-17 00:00:00,24376.56
IGPA,2017-04-13 00:00:00,24360.46
IGPA,2017-04-12 00:00:00,24374.94
IGPA,2017-04-11 00:00:00,24426.34
IGPA,2017-04-10 00:00:00,24543.96
IGPA,2017-04-07 00:00:00,24473.07
IGPA,2017-04-06 00:00:00,24503.81
IGPA,2017-04-05 00:00:00,24376.54
IGPA,2017-04-04 00:00:00,24158.33
IGPA,2017-04-03 00:00:00,24013.47
IGPA,2017-03-31 00:00:00,23967.88
IGPA,2017-03-30 00:00:00,24122.78
IGPA,2017-03-29 00:00:00,24269.81
IGPA,2017-03-28 00:00:00,24335.42
IGPA,2017-03-27 00:00:00,23831.05
IGPA,2017-03-24 00:00:00,23844.49
IGPA,2017-03-23 00:00:00,23674.19
IGPA,2017-03-22 00:00:00,23486.43
IGPA,2017-03-21 00:00:00,23398.51
IGPA,2017-03-20 00:00:00,23369.21
IGPA,2017-03-17 00:00:00,23329.76
IGPA,2017-03-16 00:00:00,23163.73
IGPA,2017-03-15 00:00:00,22850.03
IGPA,2017-03-14 00:00:00,22740.34
IGPA,2017-03-13 00:00:00,22803.26
IGPA,2017-03-10 00:00:00,22487.72
IGPA,2017-03-09 00:00:00,22450.52
IGPA,2017-03-08 00:00:00,22441.61
IGPA,2017-03-07 00:00:00,22462.17
IGPA,2017-03-06 00:00:00,22390.8
IGPA,2017-03-03 00:00:00,22195.82
IGPA,2017-03-02 00:00:00,22116.81
IGPA,2017-03-01 00:00:00,22007.78
IGPA,2017-02-28 00:00:00,21811.38
IGPA,2017-02-27 00:00:00,21742.65
IGPA,2017-02-24 00:00:00,21725.8
IGPA,2017-02-23 00:00:00,21797.22
IGPA,2017-02-22 00:00:00,21870.55
IGPA,2017-02-21 00:00:00,21862.83
IGPA,2017-02-20 00:00:00,21785.29
IGPA,2017-02-17 00:00:00,21709.15
IGPA,2017-02-16 00:00:00,21752.57
IGPA,2017-02-15 00:00:00,21721.96
IGPA,2017-02-14 00:00:00,21673.46
IGPA,2017-02-13 00:00:00,21737.17
IGPA,2017-02-10 00:00:00,21518.1
IGPA,2017-02-09 00:00:00,21420.26
IGPA,2017-02-08 00:00:00,21292.87
IGPA,2017-02-07 00:00:00,21248.35
IGPA,2017-02-06 00:00:00,21197.35
IGPA,2017-02-03 00:00:00,21266.72
IGPA,2017-02-02 00:00:00,21104.11
IGPA,2017-02-01 00:00:00,21007.64
IGPA,2017-01-31 00:00:00,20988.59
IGPA,2017-01-30 00:00:00,21033.76
IGPA,2017-01-27 00:00:00,21323.88
IGPA,2017-01-26 00:00:00,21467.57
IGPA,2017-01-25 00:00:00,21440.52
IGPA,2017-01-24 00:00:00,21344.64
IGPA,2017-01-23 00:00:00,21227.68
IGPA,2017-01-20 00:00:00,21221.43
IGPA,2017-01-19 00:00:00,21255.43
IGPA,2017-01-18 00:00:00,21264.05
IGPA,2017-01-17 00:00:00,21088.83
IGPA,2017-01-16 00:00:00,21060.21
IGPA,2017-01-13 00:00:00,21109.82
IGPA,2017-01-12 00:00:00,21103.91
IGPA,2017-01-11 00:00:00,20995.53
IGPA,2017-01-10 00:00:00,20832.11
IGPA,2017-01-09 00:00:00,20774.78
IGPA,2017-01-06 00:00:00,20818.33
IGPA,2017-01-05 00:00:00,20785.21
IGPA,2017-01-04 00:00:00,20809.46
IGPA,2017-01-03 00:00:00,20722.63
IGPA,2016-12-30 00:00:00,20734.17
IGPA,2016-12-29 00:00:00,20509.99
IGPA,2016-12-28 00:00:00,20521.75
IGPA,2016-12-27 00:00:00,20289.32
IGPA,2016-12-26 00:00:00,20316.65
IGPA,2016-12-23 00:00:00,20308.65
IGPA,2016-12-22 00:00:00,20632.75
IGPA,2016-12-21 00:00:00,20786.77
IGPA,2016-12-20 00:00:00,20968.79
IGPA,2016-12-19 00:00:00,21010.53
IGPA,2016-12-16 00:00:00,21056.36
IGPA,2016-12-15 00:00:00,21108.74
IGPA,2016-12-14 00:00:00,21134.43
IGPA,2016-12-13 00:00:00,21325.33
IGPA,2016-12-12 00:00:00,21210.55
IGPA,2016-12-09 00:00:00,21321.77
IGPA,2016-12-07 00:00:00,21075.86
IGPA,2016-12-06 00:00:00,21029.71
IGPA,2016-12-05 00:00:00,21002.45
IGPA,2016-12-02 00:00:00,20991.27
IGPA,2016-12-01 00:00:00,20972.59
IGPA,2016-11-30 00:00:00,21020.27
IGPA,2016-11-29 00:00:00,20869.21
IGPA,2016-11-28 00:00:00,20995.34
IGPA,2016-11-25 00:00:00,21025.34
IGPA,2016-11-24 00:00:00,20955.04
IGPA,2016-11-23 00:00:00,21067.32
IGPA,2016-11-22 00:00:00,21032.33
IGPA,2016-11-21 00:00:00,21142.6
IGPA,2016-11-18 00:00:00,20935.63
IGPA,2016-11-17 00:00:00,20939.45
IGPA,2016-11-16 00:00:00,20915.76
IGPA,2016-11-15 00:00:00,20801.85
IGPA,2016-11-14 00:00:00,20587.41
IGPA,2016-11-11 00:00:00,20792.95
IGPA,2016-11-10 00:00:00,21073.17
IGPA,2016-11-09 00:00:00,21424.78
IGPA,2016-11-08 00:00:00,21465.58
IGPA,2016-11-07 00:00:00,21236.95
IGPA,2016-11-04 00:00:00,21073.75
IGPA,2016-11-03 00:00:00,21208.04
IGPA,2016-11-02 00:00:00,21305.37
IGPA,2016-10-28 00:00:00,21423.49
IGPA,2016-10-27 00:00:00,21477.23
IGPA,2016-10-26 00:00:00,21439.19
IGPA,2016-10-25 00:00:00,21514.07
IGPA,2016-10-24 00:00:00,21348.41
IGPA,2016-10-21 00:00:00,21267.66
IGPA,2016-10-20 00:00:00,21159.18
IGPA,2016-10-19 00:00:00,21240.99
IGPA,2016-10-18 00:00:00,21018.37
IGPA,2016-10-17 00:00:00,20797.19
IGPA,2016-10-14 00:00:00,20746.2
IGPA,2016-10-13 00:00:00,20656.75
IGPA,2016-10-12 00:00:00,20599.96
IGPA,2016-10-11 00:00:00,20563.38
IGPA,2016-10-07 00:00:00,20317.35
IGPA,2016-10-06 00:00:00,20325.57
IGPA,2016-10-05 00:00:00,20355.03
IGPA,2016-10-04 00:00:00,20254.27
IGPA,2016-10-03 00:00:00,20145.84
IGPA,2016-09-30 00:00:00,20046.48
IGPA,2016-09-29 00:00:00,20206.98
IGPA,2016-09-28 00:00:00,20260.57
IGPA,2016-09-27 00:00:00,20202.49
IGPA,2016-09-26 00:00:00,20351.04
IGPA,2016-09-23 00:00:00,20370.06
IGPA,2016-09-22 00:00:00,20391.7
IGPA,2016-09-21 00:00:00,20277.78
IGPA,2016-09-20 00:00:00,20221.68
IGPA,2016-09-16 00:00:00,20154.38
IGPA,2016-09-15 00:00:00,20233.71
IGPA,2016-09-14 00:00:00,20212.52
IGPA,2016-09-13 00:00:00,20223.21
IGPA,2016-09-12 00:00:00,20230.95
IGPA,2016-09-09 00:00:00,20347.08
IGPA,2016-09-08 00:00:00,20405.94
IGPA,2016-09-07 00:00:00,20438.67
IGPA,2016-09-06 00:00:00,20520.2
IGPA,2016-09-05 00:00:00,20496.42
IGPA,2016-09-02 00:00:00,20543.6
IGPA,2016-09-01 00:00:00,20449.09
IGPA,2016-08-31 00:00:00,20429.26
IGPA,2016-08-30 00:00:00,20536.98
IGPA,2016-08-29 00:00:00,20590.12
IGPA,2016-08-26 00:00:00,20531.05
IGPA,2016-08-25 00:00:00,20576.36
IGPA,2016-08-24 00:00:00,20583.5
IGPA,2016-08-23 00:00:00,20624.75
IGPA,2016-08-22 00:00:00,20564.23
IGPA,2016-08-19 00:00:00,20493.65
IGPA,2016-08-18 00:00:00,20483.6
IGPA,2016-08-17 00:00:00,20439.13
IGPA,2016-08-16 00:00:00,20615.38
IGPA,2016-08-12 00:00:00,20560.14
IGPA,2016-08-11 00:00:00,20505.9
IGPA,2016-08-10 00:00:00,20429.88
IGPA,2016-08-09 00:00:00,20494.15
IGPA,2016-08-08 00:00:00,20449.32
IGPA,2016-08-05 00:00:00,20369.1
IGPA,2016-08-04 00:00:00,20354.79
IGPA,2016-08-03 00:00:00,20273.1
IGPA,2016-08-02 00:00:00,20231.2
IGPA,2016-08-01 00:00:00,20358.89
IGPA,2016-07-29 00:00:00,20368.48
IGPA,2016-07-28 00:00:00,20459.35
IGPA,2016-07-27 00:00:00,20483.77
IGPA,2016-07-26 00:00:00,20477.52
IGPA,2016-07-25 00:00:00,20455.55
IGPA,2016-07-22 00:00:00,20450.85
IGPA,2016-07-21 00:00:00,20342.67
IGPA,2016-07-20 00:00:00,20273.28
IGPA,2016-07-19 00:00:00,20401.06
IGPA,2016-07-18 00:00:00,20284.19
IGPA,2016-07-15 00:00:00,20228.03
IGPA,2016-07-14 00:00:00,20120.39
IGPA,2016-07-13 00:00:00,20004.35
IGPA,2016-07-12 00:00:00,20059.61
IGPA,2016-07-11 00:00:00,19944.27
IGPA,2016-07-08 00:00:00,19898.49
IGPA,2016-07-07 00:00:00,19758.76
IGPA,2016-07-06 00:00:00,19737.61
IGPA,2016-07-05 00:00:00,19826.64
IGPA,2016-07-04 00:00:00,19871.51
IGPA,2016-07-01 00:00:00,19875.22
IGPA,2016-06-30 00:00:00,19725.53
IGPA,2016-06-29 00:00:00,19647.19
IGPA,2016-06-28 00:00:00,19464.93
IGPA,2016-06-24 00:00:00,19588.26
IGPA,2016-06-23 00:00:00,19854.02
IGPA,2016-06-22 00:00:00,19730.58
IGPA,2016-06-21 00:00:00,19713.25
IGPA,2016-06-20 00:00:00,19668.44
IGPA,2016-06-17 00:00:00,19651.22
IGPA,2016-06-16 00:00:00,19603.55
IGPA,2016-06-15 00:00:00,19583.85
IGPA,2016-06-14 00:00:00,19503.0
IGPA,2016-06-13 00:00:00,19501.0
IGPA,2016-06-10 00:00:00,19572.98
IGPA,2016-06-09 00:00:00,19667.3
IGPA,2016-06-08 00:00:00,19805.99
IGPA,2016-06-07 00:00:00,19783.74
IGPA,2016-06-06 00:00:00,19632.6
IGPA,2016-06-03 00:00:00,19481.8
IGPA,2016-06-02 00:00:00,19324.55
IGPA,2016-06-01 00:00:00,19364.0
IGPA,2016-05-31 00:00:00,19416.89
IGPA,2016-05-30 00:00:00,19480.17
IGPA,2016-05-27 00:00:00,19479.53
IGPA,2016-05-26 00:00:00,19507.1
IGPA,2016-05-25 00:00:00,19525.67
IGPA,2016-05-24 00:00:00,19511.87
IGPA,2016-05-23 00:00:00,19449.16
IGPA,2016-05-20 00:00:00,19404.24
IGPA,2016-05-19 00:00:00,19387.51
IGPA,2016-05-18 00:00:00,19510.57
IGPA,2016-05-17 00:00:00,19551.23
IGPA,2016-05-16 00:00:00,19621.74
IGPA,2016-05-13 00:00:00,19662.29
IGPA,2016-05-12 00:00:00,19722.35
IGPA,2016-05-11 00:00:00,19650.88
IGPA,2016-05-10 00:00:00,19699.46
IGPA,2016-05-09 00:00:00,19618.26
IGPA,2016-05-06 00:00:00,19689.44
IGPA,2016-05-05 00:00:00,19734.64
IGPA,2016-05-04 00:00:00,19696.42
IGPA,2016-05-03 00:00:00,19672.54
IGPA,2016-05-02 00:00:00,19679.84
IGPA,2016-04-29 00:00:00,19655.14
IGPA,2016-04-28 00:00:00,19737.14
IGPA,2016-04-27 00:00:00,19557.9
IGPA,2016-04-26 00:00:00,19448.14
IGPA,2016-04-25 00:00:00,19454.18
IGPA,2016-04-22 00:00:00,19515.63
IGPA,2016-04-21 00:00:00,19569.55
IGPA,2016-04-20 00:00:00,19548.16
IGPA,2016-04-19 00:00:00,19565.09
IGPA,2016-04-18 00:00:00,19451.29
IGPA,2016-04-15 00:00:00,19434.77
IGPA,2016-04-14 00:00:00,19367.68
IGPA,2016-04-13 00:00:00,19394.81
IGPA,2016-04-12 00:00:00,19374.29
IGPA,2016-04-11 00:00:00,19239.14
IGPA,2016-04-08 00:00:00,19256.07
IGPA,2016-04-07 00:00:00,19092.7
IGPA,2016-04-06 00:00:00,19069.94
IGPA,2016-04-05 00:00:00,19217.35
IGPA,2016-04-04 00:00:00,19350.11
IGPA,2016-04-01 00:00:00,19340.64
IGPA,2016-03-31 00:00:00,19296.65
IGPA,2016-03-30 00:00:00,19326.22
IGPA,2016-03-29 00:00:00,19191.56
IGPA,2016-03-28 00:00:00,19047.98
IGPA,2016-03-24 00:00:00,19054.31
IGPA,2016-03-23 00:00:00,19116.05
IGPA,2016-03-22 00:00:00,19328.52
IGPA,2016-03-21 00:00:00,19412.65
IGPA,2016-03-18 00:00:00,19387.73
IGPA,2016-03-17 00:00:00,19091.19
IGPA,2016-03-16 00:00:00,18916.39
IGPA,2016-03-15 00:00:00,18872.13
IGPA,2016-03-14 00:00:00,18890.52
IGPA,2016-03-11 00:00:00,18815.72
IGPA,2016-03-10 00:00:00,18777.36
IGPA,2016-03-09 00:00:00,18669.61
IGPA,2016-03-08 00:00:00,18725.37
IGPA,2016-03-07 00:00:00,18803.89
IGPA,2016-03-04 00:00:00,18796.55
IGPA,2016-03-03 00:00:00,18708.3
IGPA,2016-03-02 00:00:00,18453.69
IGPA,2016-03-01 00:00:00,18379.01
IGPA,2016-02-29 00:00:00,18259.2
IGPA,2016-02-26 00:00:00,18239.37
IGPA,2016-02-25 00:00:00,18153.95
IGPA,2016-02-24 00:00:00,18090.69
IGPA,2016-02-23 00:00:00,18240.51
IGPA,2016-02-22 00:00:00,18407.71
IGPA,2016-02-19 00:00:00,18411.73
IGPA,2016-02-18 00:00:00,18459.61
IGPA,2016-02-17 00:00:00,18339.4
IGPA,2016-02-16 00:00:00,18222.45
IGPA,2016-02-15 00:00:00,18095.66
IGPA,2016-02-12 00:00:00,18031.6
IGPA,2016-02-11 00:00:00,17947.03
IGPA,2016-02-10 00:00:00,18060.5
IGPA,2016-02-09 00:00:00,17944.24
IGPA,2016-02-08 00:00:00,17963.23
IGPA,2016-02-05 00:00:00,17984.74
IGPA,2016-02-04 00:00:00,18027.02
IGPA,2016-02-03 00:00:00,17700.56
IGPA,2016-02-02 00:00:00,17894.8
IGPA,2016-02-01 00:00:00,18251.83
IGPA,2016-01-29 00:00:00,18243.46
IGPA,2016-01-28 00:00:00,17755.41
IGPA,2016-01-27 00:00:00,17547.63
IGPA,2016-01-26 00:00:00,17526.41
IGPA,2016-01-25 00:00:00,17500.48
IGPA,2016-01-22 00:00:00,17491.1
IGPA,2016-01-21 00:00:00,17241.38
IGPA,2016-01-20 00:00:00,17160.27
IGPA,2016-01-19 00:00:00,17269.31
IGPA,2016-01-18 00:00:00,17245.45
IGPA,2016-01-15 00:00:00,17297.23
IGPA,2016-01-14 00:00:00,17560.58
IGPA,2016-01-13 00:00:00,17492.88
IGPA,2016-01-12 00:00:00,17472.19
IGPA,2016-01-11 00:00:00,17543.69
IGPA,2016-01-08 00:00:00,17617.79
IGPA,2016-01-07 00:00:00,17624.77
IGPA,2016-01-06 00:00:00,17866.55
IGPA,2016-01-05 00:00:00,17915.73
IGPA,2016-01-04 00:00:00,17898.78
IGPA,2015-12-30 00:00:00,18151.5
IGPA,2015-12-29 00:00:00,18078.82
IGPA,2015-12-28 00:00:00,18020.73
IGPA,2015-12-24 00:00:00,18020.37
IGPA,2015-12-23 00:00:00,18047.66
IGPA,2015-12-22 00:00:00,17821.32
IGPA,2015-12-21 00:00:00,17782.74
IGPA,2015-12-18 00:00:00,17897.21
IGPA,2015-12-17 00:00:00,18048.73
IGPA,2015-12-16 00:00:00,17856.04
IGPA,2015-12-15 00:00:00,17648.21
IGPA,2015-12-14 00:00:00,17492.93
IGPA,2015-12-11 00:00:00,17493.78
IGPA,2015-12-10 00:00:00,17625.5
IGPA,2015-12-09 00:00:00,17601.99
IGPA,2015-12-07 00:00:00,17741.57
IGPA,2015-12-04 00:00:00,17843.7
IGPA,2015-12-03 00:00:00,17807.01
IGPA,2015-12-02 00:00:00,17808.59
IGPA,2015-12-01 00:00:00,17933.1
IGPA,2015-11-30 00:00:00,18027.32
IGPA,2015-11-27 00:00:00,18305.4
IGPA,2015-11-26 00:00:00,18462.28
IGPA,2015-11-25 00:00:00,18480.32
IGPA,2015-11-24 00:00:00,18545.77
IGPA,2015-11-23 00:00:00,18676.66
IGPA,2015-11-20 00:00:00,18842.27
IGPA,2015-11-19 00:00:00,18655.95
IGPA,2015-11-18 00:00:00,18496.56
IGPA,2015-11-17 00:00:00,18365.21
IGPA,2015-11-16 00:00:00,18475.02
IGPA,2015-11-13 00:00:00,18557.1
IGPA,2015-11-12 00:00:00,18592.82
IGPA,2015-11-11 00:00:00,18646.55
IGPA,2015-11-10 00:00:00,18664.32
IGPA,2015-11-09 00:00:00,18815.04
IGPA,2015-11-06 00:00:00,18895.08
IGPA,2015-11-05 00:00:00,18890.42
IGPA,2015-11-04 00:00:00,18973.28
IGPA,2015-11-03 00:00:00,19003.01
IGPA,2015-11-02 00:00:00,18853.94
IGPA,2015-10-30 00:00:00,18811.3
IGPA,2015-10-29 00:00:00,18798.41
IGPA,2015-10-28 00:00:00,18960.2
IGPA,2015-10-27 00:00:00,19008.06
IGPA,2015-10-26 00:00:00,19122.38
IGPA,2015-10-23 00:00:00,19064.24
IGPA,2015-10-22 00:00:00,18966.31
IGPA,2015-10-21 00:00:00,18800.26
IGPA,2015-10-20 00:00:00,18730.76
IGPA,2015-10-19 00:00:00,18692.75
IGPA,2015-10-16 00:00:00,18623.28
IGPA,2015-10-15 00:00:00,18666.02
IGPA,2015-10-14 00:00:00,18603.58
IGPA,2015-10-13 00:00:00,18703.76
IGPA,2015-10-09 00:00:00,18714.35
IGPA,2015-10-08 00:00:00,18601.88
IGPA,2015-10-07 00:00:00,18548.1
IGPA,2015-10-06 00:00:00,18480.44
IGPA,2015-10-05 00:00:00,18310.92
IGPA,2015-10-02 00:00:00,18077.66
IGPA,2015-10-01 00:00:00,18046.28
IGPA,2015-09-30 00:00:00,18056.21
IGPA,2015-09-29 00:00:00,17956.66
IGPA,2015-09-28 00:00:00,17939.27
IGPA,2015-09-25 00:00:00,18211.02
IGPA,2015-09-24 00:00:00,18266.27
IGPA,2015-09-23 00:00:00,18232.24
IGPA,2015-09-22 00:00:00,18346.26
IGPA,2015-09-21 00:00:00,18517.46
IGPA,2015-09-17 00:00:00,18538.51
IGPA,2015-09-16 00:00:00,18561.03
IGPA,2015-09-15 00:00:00,18419.29
IGPA,2015-09-14 00:00:00,18366.3
IGPA,2015-09-11 00:00:00,18315.16
IGPA,2015-09-10 00:00:00,18393.32
IGPA,2015-09-09 00:00:00,18265.63
IGPA,2015-09-08 00:00:00,18356.82
IGPA,2015-09-07 00:00:00,18432.22
IGPA,2015-09-04 00:00:00,18249.02
IGPA,2015-09-03 00:00:00,18725.87
IGPA,2015-09-02 00:00:00,18536.77
IGPA,2015-09-01 00:00:00,18507.66
IGPA,2015-08-31 00:00:00,18756.37
IGPA,2015-08-28 00:00:00,18546.02
IGPA,2015-08-27 00:00:00,18507.98
IGPA,2015-08-26 00:00:00,18013.79
IGPA,2015-08-25 00:00:00,17970.28
IGPA,2015-08-24 00:00:00,17725.56
IGPA,2015-08-21 00:00:00,18107.09
IGPA,2015-08-20 00:00:00,18402.25
IGPA,2015-08-19 00:00:00,18457.24
IGPA,2015-08-18 00:00:00,18433.57
IGPA,2015-08-17 00:00:00,18466.77
IGPA,2015-08-14 00:00:00,18513.95
IGPA,2015-08-13 00:00:00,18573.79
IGPA,2015-08-12 00:00:00,18640.1
IGPA,2015-08-11 00:00:00,18679.29
IGPA,2015-08-10 00:00:00,18813.77
IGPA,2015-08-07 00:00:00,18781.66
IGPA,2015-08-06 00:00:00,18793.72
IGPA,2015-08-05 00:00:00,18845.86
IGPA,2015-08-04 00:00:00,18751.52
IGPA,2015-08-03 00:00:00,18678.71
IGPA,2015-07-31 00:00:00,18833.52
IGPA,2015-07-30 00:00:00,18484.52
IGPA,2015-07-29 00:00:00,18368.63
IGPA,2015-07-28 00:00:00,18460.18
IGPA,2015-07-27 00:00:00,18495.43
IGPA,2015-07-24 00:00:00,18703.05
IGPA,2015-07-23 00:00:00,18825.98
IGPA,2015-07-22 00:00:00,18896.71
IGPA,2015-07-21 00:00:00,19037.53
IGPA,2015-07-20 00:00:00,19013.25
IGPA,2015-07-17 00:00:00,18957.65
IGPA,2015-07-15 00:00:00,18977.76
IGPA,2015-07-14 00:00:00,19033.32
IGPA,2015-07-13 00:00:00,18979.67
IGPA,2015-07-10 00:00:00,18891.62
IGPA,2015-07-09 00:00:00,18533.8
IGPA,2015-07-08 00:00:00,18369.68
IGPA,2015-07-07 00:00:00,18452.02
IGPA,2015-07-06 00:00:00,18546.62
IGPA,2015-07-03 00:00:00,18752.64
IGPA,2015-07-02 00:00:00,18808.31
IGPA,2015-07-01 00:00:00,18705.47
IGPA,2015-06-30 00:00:00,18977.93
IGPA,2015-06-26 00:00:00,18924.72
IGPA,2015-06-25 00:00:00,18836.75
IGPA,2015-06-24 00:00:00,19027.05
IGPA,2015-06-23 00:00:00,19101.55
IGPA,2015-06-22 00:00:00,19082.54
IGPA,2015-06-19 00:00:00,18965.16
IGPA,2015-06-18 00:00:00,19058.13
IGPA,2015-06-17 00:00:00,19238.35
IGPA,2015-06-16 00:00:00,19178.49
IGPA,2015-06-15 00:00:00,19130.7
IGPA,2015-06-12 00:00:00,19270.15
IGPA,2015-06-11 00:00:00,19314.99
IGPA,2015-06-10 00:00:00,19270.04
IGPA,2015-06-09 00:00:00,19063.76
IGPA,2015-06-08 00:00:00,19241.21
IGPA,2015-06-05 00:00:00,19328.08
IGPA,2015-06-04 00:00:00,19272.38
IGPA,2015-06-03 00:00:00,19449.37
IGPA,2015-06-02 00:00:00,19410.06
IGPA,2015-06-01 00:00:00,19492.02
IGPA,2015-05-29 00:00:00,19662.2
IGPA,2015-05-28 00:00:00,19610.17
IGPA,2015-05-27 00:00:00,19615.89
IGPA,2015-05-26 00:00:00,19531.53
IGPA,2015-05-25 00:00:00,19654.5
IGPA,2015-05-22 00:00:00,19718.56
IGPA,2015-05-20 00:00:00,19699.86
IGPA,2015-05-19 00:00:00,19800.16
IGPA,2015-05-18 00:00:00,19907.0
IGPA,2015-05-15 00:00:00,19936.17
IGPA,2015-05-14 00:00:00,19786.81
IGPA,2015-05-13 00:00:00,19872.74
IGPA,2015-05-12 00:00:00,19949.93
IGPA,2015-05-11 00:00:00,20071.05
IGPA,2015-05-08 00:00:00,19886.14
IGPA,2015-05-07 00:00:00,19895.73
IGPA,2015-05-06 00:00:00,19912.86
IGPA,2015-05-05 00:00:00,19813.01
IGPA,2015-05-04 00:00:00,19711.29
IGPA,2015-04-30 00:00:00,19625.34
IGPA,2015-04-29 00:00:00,19656.17
IGPA,2015-04-28 00:00:00,19807.41
IGPA,2015-04-27 00:00:00,19980.3
IGPA,2015-04-24 00:00:00,19748.94
IGPA,2015-04-23 00:00:00,19654.83
IGPA,2015-04-22 00:00:00,19573.77
IGPA,2015-04-21 00:00:00,19576.0
IGPA,2015-04-20 00:00:00,19528.1
IGPA,2015-04-17 00:00:00,19518.29
IGPA,2015-04-16 00:00:00,19733.38
IGPA,2015-04-15 00:00:00,19574.36
IGPA,2015-04-14 00:00:00,19523.28
IGPA,2015-04-13 00:00:00,19610.98
IGPA,2015-04-10 00:00:00,19592.46
IGPA,2015-04-09 00:00:00,19500.42
IGPA,2015-04-08 00:00:00,19397.98
IGPA,2015-04-07 00:00:00,19352.39
IGPA,2015-04-06 00:00:00,19351.1
IGPA,2015-04-02 00:00:00,19295.13
IGPA,2015-04-01 00:00:00,19183.71
IGPA,2015-03-31 00:00:00,19090.84
IGPA,2015-03-30 00:00:00,19074.78
IGPA,2015-03-27 00:00:00,18957.1
IGPA,2015-03-26 00:00:00,18892.41
IGPA,2015-03-25 00:00:00,19006.84
IGPA,2015-03-24 00:00:00,18984.5
IGPA,2015-03-23 00:00:00,18904.23
IGPA,2015-03-20 00:00:00,18937.08
IGPA,2015-03-19 00:00:00,18846.6
IGPA,2015-03-18 00:00:00,18862.47
IGPA,2015-03-17 00:00:00,18794.31
IGPA,2015-03-16 00:00:00,18721.12
IGPA,2015-03-13 00:00:00,18707.67
IGPA,2015-03-12 00:00:00,18905.65
IGPA,2015-03-11 00:00:00,18882.54
IGPA,2015-03-10 00:00:00,18903.91
IGPA,2015-03-09 00:00:00,18984.54
IGPA,2015-03-06 00:00:00,19163.92
IGPA,2015-03-05 00:00:00,19246.72
IGPA,2015-03-04 00:00:00,19284.26
IGPA,2015-03-03 00:00:00,19297.1
IGPA,2015-03-02 00:00:00,19188.3
IGPA,2015-02-27 00:00:00,19357.66
IGPA,2015-02-26 00:00:00,19384.26
IGPA,2015-02-25 00:00:00,19388.02
IGPA,2015-02-24 00:00:00,19400.97
IGPA,2015-02-23 00:00:00,19558.67
IGPA,2015-02-20 00:00:00,19430.81
IGPA,2015-02-19 00:00:00,19442.79
IGPA,2015-02-18 00:00:00,19412.39
IGPA,2015-02-17 00:00:00,19382.9
IGPA,2015-02-16 00:00:00,19411.0
IGPA,2015-02-13 00:00:00,19358.51
IGPA,2015-02-12 00:00:00,19273.8
IGPA,2015-02-11 00:00:00,19092.15
IGPA,2015-02-10 00:00:00,19032.84
IGPA,2015-02-09 00:00:00,19103.93
IGPA,2015-02-06 00:00:00,19216.59
IGPA,2015-02-05 00:00:00,19139.39
IGPA,2015-02-04 00:00:00,19084.36
IGPA,2015-02-03 00:00:00,19073.79
IGPA,2015-02-02 00:00:00,18855.57
IGPA,2015-01-30 00:00:00,18761.3
IGPA,2015-01-29 00:00:00,18773.42
IGPA,2015-01-28 00:00:00,18813.73
IGPA,2015-01-27 00:00:00,18848.11
IGPA,2015-01-26 00:00:00,18792.91
IGPA,2015-01-23 00:00:00,18893.45
IGPA,2015-01-22 00:00:00,18918.99
IGPA,2015-01-21 00:00:00,18683.25
IGPA,2015-01-20 00:00:00,18451.62
IGPA,2015-01-19 00:00:00,18393.84
IGPA,2015-01-16 00:00:00,18378.88
IGPA,2015-01-15 00:00:00,18378.2
IGPA,2015-01-14 00:00:00,18459.09
IGPA,2015-01-13 00:00:00,18609.56
IGPA,2015-01-12 00:00:00,18589.94
IGPA,2015-01-09 00:00:00,18608.54
IGPA,2015-01-08 00:00:00,18618.86
IGPA,2015-01-07 00:00:00,18573.89
IGPA,2015-01-06 00:00:00,18561.36
IGPA,2015-01-05 00:00:00,18655.48
IGPA,2015-01-02 00:00:00,18870.2
IGPA,2014-12-30 00:00:00,18870.41
IGPA,2014-12-29 00:00:00,18878.19
IGPA,2014-12-26 00:00:00,18727.92
IGPA,2014-12-24 00:00:00,18699.09
IGPA,2014-12-23 00:00:00,18733.64
IGPA,2014-12-22 00:00:00,18642.49
IGPA,2014-12-19 00:00:00,18692.54
IGPA,2014-12-18 00:00:00,18697.24
IGPA,2014-12-17 00:00:00,18542.98
IGPA,2014-12-16 00:00:00,18443.86
IGPA,2014-12-15 00:00:00,18463.32
IGPA,2014-12-12 00:00:00,18674.67
IGPA,2014-12-11 00:00:00,18786.95
IGPA,2014-12-10 00:00:00,18926.66
IGPA,2014-12-09 00:00:00,19136.71
IGPA,2014-12-05 00:00:00,19357.98
IGPA,2014-12-04 00:00:00,19238.75
IGPA,2014-12-03 00:00:00,19260.94
IGPA,2014-12-02 00:00:00,19286.07
IGPA,2014-12-01 00:00:00,19320.04
IGPA,2014-11-28 00:00:00,19457.82
IGPA,2014-11-27 00:00:00,19406.83
IGPA,2014-11-26 00:00:00,19326.63
IGPA,2014-11-25 00:00:00,19381.71
IGPA,2014-11-24 00:00:00,19368.24
IGPA,2014-11-21 00:00:00,19422.44
IGPA,2014-11-20 00:00:00,19351.96
IGPA,2014-11-19 00:00:00,19340.35
IGPA,2014-11-18 00:00:00,19166.89
IGPA,2014-11-17 00:00:00,19122.0
IGPA,2014-11-14 00:00:00,19109.2
IGPA,2014-11-13 00:00:00,19155.0
IGPA,2014-11-12 00:00:00,19123.08
IGPA,2014-11-11 00:00:00,18990.89
IGPA,2014-11-10 00:00:00,18987.15
IGPA,2014-11-07 00:00:00,18986.4
IGPA,2014-11-06 00:00:00,18992.12
IGPA,2014-11-05 00:00:00,19087.37
IGPA,2014-11-04 00:00:00,19056.79
IGPA,2014-11-03 00:00:00,19050.7
IGPA,2014-10-30 00:00:00,18842.72
IGPA,2014-10-29 00:00:00,18676.53
IGPA,2014-10-28 00:00:00,18643.1
IGPA,2014-10-27 00:00:00,18643.22
IGPA,2014-10-24 00:00:00,18763.56
IGPA,2014-10-23 00:00:00,18773.51
IGPA,2014-10-22 00:00:00,18744.94
IGPA,2014-10-21 00:00:00,18689.76
IGPA,2014-10-20 00:00:00,18526.69
IGPA,2014-10-17 00:00:00,18510.78
IGPA,2014-10-16 00:00:00,18570.97
IGPA,2014-10-15 00:00:00,18655.02
IGPA,2014-10-14 00:00:00,18882.66
IGPA,2014-10-13 00:00:00,18937.44
IGPA,2014-10-10 00:00:00,18811.48
IGPA,2014-10-09 00:00:00,19029.95
IGPA,2014-10-08 00:00:00,19137.54
IGPA,2014-10-07 00:00:00,19214.01
IGPA,2014-10-06 00:00:00,19280.93
IGPA,2014-10-03 00:00:00,19168.92
IGPA,2014-10-02 00:00:00,18941.82
IGPA,2014-10-01 00:00:00,18997.25
IGPA,2014-09-30 00:00:00,19250.93
IGPA,2014-09-29 00:00:00,19239.96
IGPA,2014-09-26 00:00:00,19336.98
IGPA,2014-09-25 00:00:00,19340.73
IGPA,2014-09-24 00:00:00,19335.49
IGPA,2014-09-23 00:00:00,19294.26
IGPA,2014-09-22 00:00:00,19439.43
IGPA,2014-09-17 00:00:00,19552.93
IGPA,2014-09-16 00:00:00,19409.86
IGPA,2014-09-15 00:00:00,19304.15
IGPA,2014-09-12 00:00:00,19391.95
IGPA,2014-09-11 00:00:00,19537.89
IGPA,2014-09-10 00:00:00,19708.77
IGPA,2014-09-09 00:00:00,19690.44
IGPA,2014-09-08 00:00:00,19673.92
IGPA,2014-09-05 00:00:00,19723.56
IGPA,2014-09-04 00:00:00,19788.66
IGPA,2014-09-03 00:00:00,19813.98
IGPA,2014-09-02 00:00:00,19651.92
IGPA,2014-09-01 00:00:00,19475.49
IGPA,2014-08-29 00:00:00,19422.77
IGPA,2014-08-28 00:00:00,19293.28
IGPA,2014-08-27 00:00:00,19334.22
IGPA,2014-08-26 00:00:00,19231.6
IGPA,2014-08-25 00:00:00,19221.19
IGPA,2014-08-22 00:00:00,19234.94
IGPA,2014-08-21 00:00:00,19316.89
IGPA,2014-08-20 00:00:00,19349.69
IGPA,2014-08-19 00:00:00,19229.36
IGPA,2014-08-18 00:00:00,19239.52
IGPA,2014-08-14 00:00:00,19242.79
IGPA,2014-08-13 00:00:00,19225.81
IGPA,2014-08-12 00:00:00,19117.7
IGPA,2014-08-11 00:00:00,19136.76
IGPA,2014-08-08 00:00:00,19009.78
IGPA,2014-08-07 00:00:00,19054.26
IGPA,2014-08-06 00:00:00,19133.17
IGPA,2014-08-05 00:00:00,19200.74
IGPA,2014-08-04 00:00:00,19178.07
IGPA,2014-08-01 00:00:00,19059.82
IGPA,2014-07-31 00:00:00,18945.82
IGPA,2014-07-30 00:00:00,19069.72
IGPA,2014-07-29 00:00:00,19099.77
IGPA,2014-07-28 00:00:00,19100.28
IGPA,2014-07-25 00:00:00,19104.06
IGPA,2014-07-24 00:00:00,19147.91
IGPA,2014-07-23 00:00:00,19117.4
IGPA,2014-07-22 00:00:00,19150.51
IGPA,2014-07-21 00:00:00,19178.32
IGPA,2014-07-18 00:00:00,19209.92
IGPA,2014-07-17 00:00:00,19208.83
IGPA,2014-07-15 00:00:00,19285.47
IGPA,2014-07-14 00:00:00,19292.55
IGPA,2014-07-11 00:00:00,19317.54
IGPA,2014-07-10 00:00:00,19266.89
IGPA,2014-07-09 00:00:00,19305.81
IGPA,2014-07-08 00:00:00,19071.2
IGPA,2014-07-07 00:00:00,18905.03
IGPA,2014-07-04 00:00:00,18925.47
IGPA,2014-07-03 00:00:00,18948.5
IGPA,2014-07-02 00:00:00,18940.93
IGPA,2014-07-01 00:00:00,18874.57
IGPA,2014-06-30 00:00:00,18899.87
IGPA,2014-06-27 00:00:00,18899.54
IGPA,2014-06-26 00:00:00,18954.0
IGPA,2014-06-25 00:00:00,18990.43
IGPA,2014-06-24 00:00:00,19022.15
IGPA,2014-06-23 00:00:00,18936.82
IGPA,2014-06-20 00:00:00,18903.96
IGPA,2014-06-19 00:00:00,18983.32
IGPA,2014-06-18 00:00:00,18883.79
IGPA,2014-06-17 00:00:00,18727.13
IGPA,2014-06-16 00:00:00,18795.88
IGPA,2014-06-13 00:00:00,18886.37
IGPA,2014-06-12 00:00:00,19001.0
IGPA,2014-06-11 00:00:00,19069.96
IGPA,2014-06-10 00:00:00,19175.32
IGPA,2014-06-09 00:00:00,19103.09
IGPA,2014-06-06 00:00:00,19200.27
IGPA,2014-06-05 00:00:00,19215.62
IGPA,2014-06-04 00:00:00,19119.46
IGPA,2014-06-03 00:00:00,19114.2
IGPA,2014-06-02 00:00:00,19029.73
IGPA,2014-05-30 00:00:00,19103.01
IGPA,2014-05-29 00:00:00,19265.5
IGPA,2014-05-28 00:00:00,19205.72
IGPA,2014-05-27 00:00:00,19222.73
IGPA,2014-05-26 00:00:00,19337.15
IGPA,2014-05-23 00:00:00,19336.89
IGPA,2014-05-22 00:00:00,19201.3
IGPA,2014-05-20 00:00:00,19029.89
IGPA,2014-05-19 00:00:00,19254.22
IGPA,2014-05-16 00:00:00,19381.99
IGPA,2014-05-15 00:00:00,19295.3
IGPA,2014-05-14 00:00:00,19364.66
IGPA,2014-05-13 00:00:00,19341.37
IGPA,2014-05-12 00:00:00,19215.94
IGPA,2014-05-09 00:00:00,19151.74
IGPA,2014-05-08 00:00:00,19182.71
IGPA,2014-05-07 00:00:00,19160.52
IGPA,2014-05-06 00:00:00,19116.94
IGPA,2014-05-05 00:00:00,19175.13
IGPA,2014-05-02 00:00:00,19261.29
IGPA,2014-04-30 00:00:00,19186.66
IGPA,2014-04-29 00:00:00,18930.13
IGPA,2014-04-28 00:00:00,18788.64
IGPA,2014-04-25 00:00:00,18840.91
IGPA,2014-04-24 00:00:00,19024.06
IGPA,2014-04-23 00:00:00,19034.86
IGPA,2014-04-22 00:00:00,19049.52
IGPA,2014-04-21 00:00:00,19079.19
IGPA,2014-04-17 00:00:00,19101.01
IGPA,2014-04-16 00:00:00,19165.79
IGPA,2014-04-15 00:00:00,19010.29
IGPA,2014-04-14 00:00:00,19067.13
IGPA,2014-04-11 00:00:00,18936.36
IGPA,2014-04-10 00:00:00,18875.67
IGPA,2014-04-09 00:00:00,18913.92
IGPA,2014-04-08 00:00:00,18755.08
IGPA,2014-04-07 00:00:00,18574.33
IGPA,2014-04-04 00:00:00,18527.12
IGPA,2014-04-03 00:00:00,18628.12
IGPA,2014-04-02 00:00:00,18706.41
IGPA,2014-04-01 00:00:00,18633.51
IGPA,2014-03-31 00:00:00,18552.57
IGPA,2014-03-28 00:00:00,18496.74
IGPA,2014-03-27 00:00:00,18441.77
IGPA,2014-03-26 00:00:00,18284.4
IGPA,2014-03-25 00:00:00,18342.49
IGPA,2014-03-24 00:00:00,18148.88
IGPA,2014-03-21 00:00:00,18049.07
IGPA,2014-03-20 00:00:00,18091.78
IGPA,2014-03-19 00:00:00,18013.02
IGPA,2014-03-18 00:00:00,18149.52
IGPA,2014-03-17 00:00:00,17972.96
IGPA,2014-03-14 00:00:00,17891.01
IGPA,2014-03-13 00:00:00,17964.4
IGPA,2014-03-12 00:00:00,17951.71
IGPA,2014-03-11 00:00:00,18104.77
IGPA,2014-03-10 00:00:00,18074.15
IGPA,2014-03-07 00:00:00,18258.48
IGPA,2014-03-06 00:00:00,18399.37
IGPA,2014-03-05 00:00:00,18339.48
IGPA,2014-03-04 00:00:00,18279.35
IGPA,2014-03-03 00:00:00,18108.8
IGPA,2014-02-28 00:00:00,18342.81
IGPA,2014-02-27 00:00:00,18219.65
IGPA,2014-02-26 00:00:00,18141.97
IGPA,2014-02-25 00:00:00,17964.5
IGPA,2014-02-24 00:00:00,17996.71
IGPA,2014-02-21 00:00:00,17937.65
IGPA,2014-02-20 00:00:00,17976.21
IGPA,2014-02-19 00:00:00,17977.52
IGPA,2014-02-18 00:00:00,18007.2
IGPA,2014-02-17 00:00:00,18125.84
IGPA,2014-02-14 00:00:00,18102.4
IGPA,2014-02-13 00:00:00,17857.77
IGPA,2014-02-12 00:00:00,17850.24
IGPA,2014-02-11 00:00:00,17621.09
IGPA,2014-02-10 00:00:00,17411.83
IGPA,2014-02-07 00:00:00,17349.84
IGPA,2014-02-06 00:00:00,17174.7
IGPA,2014-02-05 00:00:00,17025.22
IGPA,2014-02-04 00:00:00,17007.98
IGPA,2014-02-03 00:00:00,16944.04
IGPA,2014-01-31 00:00:00,17123.06
IGPA,2014-01-30 00:00:00,16938.43
IGPA,2014-01-29 00:00:00,16937.63
IGPA,2014-01-28 00:00:00,17349.86
IGPA,2014-01-27 00:00:00,17493.58
IGPA,2014-01-24 00:00:00,17815.17
IGPA,2014-01-23 00:00:00,18131.49
IGPA,2014-01-22 00:00:00,18248.41
IGPA,2014-01-21 00:00:00,18170.5
IGPA,2014-01-20 00:00:00,18183.68
IGPA,2014-01-17 00:00:00,18266.88
IGPA,2014-01-16 00:00:00,18134.52
IGPA,2014-01-15 00:00:00,18041.88
IGPA,2014-01-14 00:00:00,17890.8
IGPA,2014-01-13 00:00:00,17907.77
IGPA,2014-01-10 00:00:00,17926.38
IGPA,2014-01-09 00:00:00,18028.1
IGPA,2014-01-08 00:00:00,18204.11
IGPA,2014-01-07 00:00:00,18132.02
IGPA,2014-01-06 00:00:00,18211.75
IGPA,2014-01-03 00:00:00,18233.22
IGPA,2014-01-02 00:00:00,18213.39
IGPA,2013-12-30 00:00:00,18227.05
IGPA,2013-12-27 00:00:00,18205.99
IGPA,2013-12-26 00:00:00,18035.22
IGPA,2013-12-24 00:00:00,18121.88
IGPA,2013-12-23 00:00:00,18121.52
IGPA,2013-12-20 00:00:00,18198.87
IGPA,2013-12-19 00:00:00,18110.79
IGPA,2013-12-18 00:00:00,18066.81
IGPA,2013-12-17 00:00:00,18082.41
IGPA,2013-12-16 00:00:00,18179.95
IGPA,2013-12-13 00:00:00,18071.66
IGPA,2013-12-12 00:00:00,18141.49
IGPA,2013-12-11 00:00:00,18248.29
IGPA,2013-12-10 00:00:00,18280.52
IGPA,2013-12-09 00:00:00,18271.4
IGPA,2013-12-06 00:00:00,18235.75
IGPA,2013-12-05 00:00:00,18340.22
IGPA,2013-12-04 00:00:00,18296.9
IGPA,2013-12-03 00:00:00,18347.63
IGPA,2013-12-02 00:00:00,18489.5
IGPA,2013-11-29 00:00:00,18599.86
IGPA,2013-11-28 00:00:00,18433.9
IGPA,2013-11-27 00:00:00,18306.92
IGPA,2013-11-26 00:00:00,18125.02
IGPA,2013-11-25 00:00:00,18336.47
IGPA,2013-11-22 00:00:00,18425.46
IGPA,2013-11-21 00:00:00,18363.38
IGPA,2013-11-20 00:00:00,18553.3
IGPA,2013-11-19 00:00:00,18710.81
IGPA,2013-11-18 00:00:00,18853.39
IGPA,2013-11-15 00:00:00,18703.04
IGPA,2013-11-14 00:00:00,18507.67
IGPA,2013-11-13 00:00:00,18438.65
IGPA,2013-11-12 00:00:00,18680.36
IGPA,2013-11-11 00:00:00,18676.21
IGPA,2013-11-08 00:00:00,18928.25
IGPA,2013-11-07 00:00:00,19167.88
IGPA,2013-11-06 00:00:00,19184.77
IGPA,2013-11-05 00:00:00,19262.73
IGPA,2013-11-04 00:00:00,19280.74
IGPA,2013-10-30 00:00:00,19242.04
IGPA,2013-10-29 00:00:00,19091.68
IGPA,2013-10-28 00:00:00,19125.46
IGPA,2013-10-25 00:00:00,19102.57
IGPA,2013-10-24 00:00:00,19210.94
IGPA,2013-10-23 00:00:00,19297.81
IGPA,2013-10-22 00:00:00,19163.01
IGPA,2013-10-21 00:00:00,19143.68
IGPA,2013-10-18 00:00:00,18961.66
IGPA,2013-10-17 00:00:00,18848.14
IGPA,2013-10-16 00:00:00,18994.36
IGPA,2013-10-15 00:00:00,18975.76
IGPA,2013-10-14 00:00:00,18939.92
IGPA,2013-10-11 00:00:00,18876.65
IGPA,2013-10-10 00:00:00,18804.09
IGPA,2013-10-09 00:00:00,18629.97
IGPA,2013-10-08 00:00:00,18763.6
IGPA,2013-10-07 00:00:00,18781.19
IGPA,2013-10-04 00:00:00,18876.06
IGPA,2013-10-03 00:00:00,18826.34
IGPA,2013-10-02 00:00:00,18811.35
IGPA,2013-10-01 00:00:00,18953.2
IGPA,2013-09-30 00:00:00,18833.77
IGPA,2013-09-27 00:00:00,19028.3
IGPA,2013-09-26 00:00:00,19123.64
IGPA,2013-09-25 00:00:00,19150.2
IGPA,2013-09-24 00:00:00,19211.5
IGPA,2013-09-23 00:00:00,19342.04
IGPA,2013-09-17 00:00:00,18809.58
IGPA,2013-09-16 00:00:00,18870.14
IGPA,2013-09-13 00:00:00,18676.73
IGPA,2013-09-12 00:00:00,18834.51
IGPA,2013-09-11 00:00:00,19127.63
IGPA,2013-09-10 00:00:00,19096.23
IGPA,2013-09-09 00:00:00,19094.86
IGPA,2013-09-06 00:00:00,18691.57
IGPA,2013-09-05 00:00:00,18283.98
IGPA,2013-09-04 00:00:00,17931.82
IGPA,2013-09-03 00:00:00,17928.16
IGPA,2013-09-02 00:00:00,18029.5
IGPA,2013-08-30 00:00:00,17993.73
IGPA,2013-08-29 00:00:00,17710.22
IGPA,2013-08-28 00:00:00,17653.44
IGPA,2013-08-27 00:00:00,17681.52
IGPA,2013-08-26 00:00:00,18075.55
IGPA,2013-08-23 00:00:00,18146.52
IGPA,2013-08-22 00:00:00,17974.42
IGPA,2013-08-21 00:00:00,17998.0
IGPA,2013-08-20 00:00:00,18270.94
IGPA,2013-08-19 00:00:00,18347.66
IGPA,2013-08-16 00:00:00,18427.93
IGPA,2013-08-14 00:00:00,18561.95
IGPA,2013-08-13 00:00:00,18640.03
IGPA,2013-08-12 00:00:00,18674.65
IGPA,2013-08-09 00:00:00,18639.66
IGPA,2013-08-08 00:00:00,18462.69
IGPA,2013-08-07 00:00:00,18178.29
IGPA,2013-08-06 00:00:00,18368.64
IGPA,2013-08-05 00:00:00,18634.55
IGPA,2013-08-02 00:00:00,18789.28
IGPA,2013-08-01 00:00:00,18832.11
IGPA,2013-07-31 00:00:00,18438.04
IGPA,2013-07-30 00:00:00,18518.15
IGPA,2013-07-29 00:00:00,18893.13
IGPA,2013-07-26 00:00:00,18923.47
IGPA,2013-07-25 00:00:00,19104.63
IGPA,2013-07-24 00:00:00,19193.85
IGPA,2013-07-23 00:00:00,19136.27
IGPA,2013-07-22 00:00:00,19141.03
IGPA,2013-07-19 00:00:00,19115.33
IGPA,2013-07-18 00:00:00,19337.21
IGPA,2013-07-17 00:00:00,19141.6
IGPA,2013-07-15 00:00:00,18874.7
IGPA,2013-07-12 00:00:00,18608.65
IGPA,2013-07-11 00:00:00,18576.96
IGPA,2013-07-10 00:00:00,18591.03
IGPA,2013-07-09 00:00:00,18777.43
IGPA,2013-07-08 00:00:00,18946.12
IGPA,2013-07-05 00:00:00,19019.5
IGPA,2013-07-04 00:00:00,19168.68
IGPA,2013-07-03 00:00:00,19097.24
IGPA,2013-07-02 00:00:00,19234.91
IGPA,2013-07-01 00:00:00,19547.82
IGPA,2013-06-28 00:00:00,19861.1
IGPA,2013-06-27 00:00:00,19624.28
IGPA,2013-06-26 00:00:00,19404.11
IGPA,2013-06-25 00:00:00,19098.75
IGPA,2013-06-24 00:00:00,19007.31
IGPA,2013-06-21 00:00:00,19162.59
IGPA,2013-06-20 00:00:00,19147.72
IGPA,2013-06-19 00:00:00,19628.64
IGPA,2013-06-18 00:00:00,19754.04
IGPA,2013-06-17 00:00:00,19733.76
IGPA,2013-06-14 00:00:00,19832.09
IGPA,2013-06-13 00:00:00,19790.53
IGPA,2013-06-12 00:00:00,19576.86
IGPA,2013-06-11 00:00:00,19741.03
IGPA,2013-06-10 00:00:00,20033.27
IGPA,2013-06-07 00:00:00,20388.5
IGPA,2013-06-06 00:00:00,20582.86
IGPA,2013-06-05 00:00:00,20667.35
IGPA,2013-06-04 00:00:00,20695.49
IGPA,2013-06-03 00:00:00,20571.51
IGPA,2013-05-31 00:00:00,20681.45
IGPA,2013-05-30 00:00:00,20456.69
IGPA,2013-05-29 00:00:00,20431.73
IGPA,2013-05-28 00:00:00,20448.66
IGPA,2013-05-27 00:00:00,20581.65
IGPA,2013-05-24 00:00:00,20674.67
IGPA,2013-05-23 00:00:00,20848.72
IGPA,2013-05-22 00:00:00,20978.53
IGPA,2013-05-20 00:00:00,20823.18
IGPA,2013-05-17 00:00:00,20915.81
IGPA,2013-05-16 00:00:00,20930.74
IGPA,2013-05-15 00:00:00,21017.51
IGPA,2013-05-14 00:00:00,21033.91
IGPA,2013-05-13 00:00:00,21034.99
IGPA,2013-05-10 00:00:00,21185.52
IGPA,2013-05-09 00:00:00,21286.42
IGPA,2013-05-08 00:00:00,21290.91
IGPA,2013-05-07 00:00:00,21223.8
IGPA,2013-05-06 00:00:00,21178.91
IGPA,2013-05-03 00:00:00,21293.3
IGPA,2013-05-02 00:00:00,21161.87
IGPA,2013-04-30 00:00:00,21084.6
IGPA,2013-04-29 00:00:00,20942.42
IGPA,2013-04-26 00:00:00,21042.43
IGPA,2013-04-25 00:00:00,21153.46
IGPA,2013-04-24 00:00:00,21156.86
IGPA,2013-04-23 00:00:00,21152.98
IGPA,2013-04-22 00:00:00,21065.6
IGPA,2013-04-19 00:00:00,21114.52
IGPA,2013-04-18 00:00:00,21009.65
IGPA,2013-04-17 00:00:00,20878.62
IGPA,2013-04-16 00:00:00,20970.05
IGPA,2013-04-15 00:00:00,20861.5
IGPA,2013-04-12 00:00:00,21271.46
IGPA,2013-04-11 00:00:00,21307.98
IGPA,2013-04-10 00:00:00,21354.78
IGPA,2013-04-09 00:00:00,21328.37
IGPA,2013-04-08 00:00:00,21142.7
IGPA,2013-04-05 00:00:00,21041.48
IGPA,2013-04-04 00:00:00,21266.45
IGPA,2013-04-03 00:00:00,21367.58
IGPA,2013-04-02 00:00:00,21544.27
IGPA,2013-04-01 00:00:00,21627.14
IGPA,2013-03-28 00:00:00,21698.32
IGPA,2013-03-27 00:00:00,21682.17
IGPA,2013-03-26 00:00:00,21718.0
IGPA,2013-03-25 00:00:00,21616.09
IGPA,2013-03-22 00:00:00,21777.07
IGPA,2013-03-21 00:00:00,21780.38
IGPA,2013-03-20 00:00:00,21814.45
IGPA,2013-03-19 00:00:00,21718.64
IGPA,2013-03-18 00:00:00,21607.69
IGPA,2013-03-15 00:00:00,21635.44
IGPA,2013-03-14 00:00:00,21807.82
IGPA,2013-03-13 00:00:00,21929.31
IGPA,2013-03-12 00:00:00,22038.51
IGPA,2013-03-11 00:00:00,22117.72
IGPA,2013-03-08 00:00:00,22122.69
IGPA,2013-03-07 00:00:00,21991.41
IGPA,2013-03-06 00:00:00,22099.14
IGPA,2013-03-05 00:00:00,22298.06
IGPA,2013-03-04 00:00:00,22334.0
IGPA,2013-03-01 00:00:00,22284.57
IGPA,2013-02-28 00:00:00,22219.95
IGPA,2013-02-27 00:00:00,22063.55
IGPA,2013-02-26 00:00:00,21979.15
IGPA,2013-02-25 00:00:00,22043.76
IGPA,2013-02-22 00:00:00,22150.75
IGPA,2013-02-21 00:00:00,22038.77
IGPA,2013-02-20 00:00:00,22140.41
IGPA,2013-02-19 00:00:00,22390.6
IGPA,2013-02-18 00:00:00,22348.52
IGPA,2013-02-15 00:00:00,22335.33
IGPA,2013-02-14 00:00:00,22403.23
IGPA,2013-02-13 00:00:00,22397.61
IGPA,2013-02-12 00:00:00,22307.83
IGPA,2013-02-11 00:00:00,22289.03
IGPA,2013-02-08 00:00:00,22280.73
IGPA,2013-02-07 00:00:00,22324.12
IGPA,2013-02-06 00:00:00,22350.22
IGPA,2013-02-05 00:00:00,22278.36
IGPA,2013-02-04 00:00:00,22191.87
IGPA,2013-02-01 00:00:00,22219.83
IGPA,2013-01-31 00:00:00,22167.63
IGPA,2013-01-30 00:00:00,22110.4
IGPA,2013-01-29 00:00:00,22015.47
IGPA,2013-01-28 00:00:00,22031.83
IGPA,2013-01-25 00:00:00,21966.79
IGPA,2013-01-24 00:00:00,21880.39
IGPA,2013-01-23 00:00:00,21992.2
IGPA,2013-01-22 00:00:00,22078.17
IGPA,2013-01-21 00:00:00,22032.97
IGPA,2013-01-18 00:00:00,22030.33
IGPA,2013-01-17 00:00:00,21889.38
IGPA,2013-01-16 00:00:00,21826.91
IGPA,2013-01-15 00:00:00,21719.73
IGPA,2013-01-14 00:00:00,21744.44
IGPA,2013-01-11 00:00:00,21676.41
IGPA,2013-01-10 00:00:00,21769.44
IGPA,2013-01-09 00:00:00,21620.07
IGPA,2013-01-08 00:00:00,21518.56
IGPA,2013-01-07 00:00:00,21471.76
IGPA,2013-01-04 00:00:00,21462.16
IGPA,2013-01-03 00:00:00,21287.3
IGPA,2013-01-02 00:00:00,21253.09
IGPA,2012-12-28 00:00:00,21070.28
IGPA,2012-12-27 00:00:00,21027.51
IGPA,2012-12-26 00:00:00,21040.16
IGPA,2012-12-24 00:00:00,21003.4
IGPA,2012-12-21 00:00:00,21002.39
IGPA,2012-12-20 00:00:00,20983.45
IGPA,2012-12-19 00:00:00,20979.44
IGPA,2012-12-18 00:00:00,20963.28
IGPA,2012-12-17 00:00:00,20927.1
IGPA,2012-12-14 00:00:00,20854.97
IGPA,2012-12-13 00:00:00,20717.17
IGPA,2012-12-12 00:00:00,20722.94
IGPA,2012-12-11 00:00:00,20576.19
IGPA,2012-12-10 00:00:00,20318.72
IGPA,2012-12-07 00:00:00,20322.68
IGPA,2012-12-06 00:00:00,20339.87
IGPA,2012-12-05 00:00:00,20366.31
IGPA,2012-12-04 00:00:00,20341.77
IGPA,2012-12-03 00:00:00,20385.21
IGPA,2012-11-30 00:00:00,20323.85
IGPA,2012-11-29 00:00:00,20325.45
IGPA,2012-11-28 00:00:00,20234.79
IGPA,2012-11-27 00:00:00,20252.85
IGPA,2012-11-26 00:00:00,20322.2
IGPA,2012-11-23 00:00:00,20365.27
IGPA,2012-11-22 00:00:00,20356.0
IGPA,2012-11-21 00:00:00,20408.94
IGPA,2012-11-20 00:00:00,20541.98
IGPA,2012-11-19 00:00:00,20588.58
IGPA,2012-11-16 00:00:00,20539.78
IGPA,2012-11-15 00:00:00,20538.85
IGPA,2012-11-14 00:00:00,20535.72
IGPA,2012-11-13 00:00:00,20630.12
IGPA,2012-11-12 00:00:00,20692.75
IGPA,2012-11-09 00:00:00,20736.35
IGPA,2012-11-08 00:00:00,20778.2
IGPA,2012-11-07 00:00:00,20875.46
IGPA,2012-11-06 00:00:00,20953.18
IGPA,2012-11-05 00:00:00,20904.36
IGPA,2012-10-31 00:00:00,20910.93
IGPA,2012-10-30 00:00:00,20884.54
IGPA,2012-10-29 00:00:00,20864.19
IGPA,2012-10-26 00:00:00,20835.73
IGPA,2012-10-25 00:00:00,20777.71
IGPA,2012-10-24 00:00:00,20807.24
IGPA,2012-10-23 00:00:00,20766.82
IGPA,2012-10-22 00:00:00,20794.9
IGPA,2012-10-19 00:00:00,20871.64
IGPA,2012-10-18 00:00:00,21088.62
IGPA,2012-10-17 00:00:00,21043.31
IGPA,2012-10-16 00:00:00,20951.04
IGPA,2012-10-12 00:00:00,20778.44
IGPA,2012-10-11 00:00:00,20781.31
IGPA,2012-10-10 00:00:00,20732.87
IGPA,2012-10-09 00:00:00,20812.16
IGPA,2012-10-08 00:00:00,20886.89
IGPA,2012-10-05 00:00:00,20885.45
IGPA,2012-10-04 00:00:00,20762.31
IGPA,2012-10-03 00:00:00,20633.19
IGPA,2012-10-02 00:00:00,20626.17
IGPA,2012-10-01 00:00:00,20564.54
IGPA,2012-09-28 00:00:00,20551.46
IGPA,2012-09-27 00:00:00,20473.93
IGPA,2012-09-26 00:00:00,20431.22
IGPA,2012-09-25 00:00:00,20436.28
IGPA,2012-09-24 00:00:00,20480.46
IGPA,2012-09-21 00:00:00,20557.48
IGPA,2012-09-20 00:00:00,20463.66
IGPA,2012-09-14 00:00:00,20486.1
IGPA,2012-09-13 00:00:00,20341.99
IGPA,2012-09-12 00:00:00,20295.78
IGPA,2012-09-11 00:00:00,20356.91
IGPA,2012-09-10 00:00:00,20293.87
IGPA,2012-09-07 00:00:00,20249.82
IGPA,2012-09-06 00:00:00,20096.18
IGPA,2012-09-05 00:00:00,19997.81
IGPA,2012-09-04 00:00:00,20026.1
IGPA,2012-09-03 00:00:00,20099.07
IGPA,2012-08-31 00:00:00,20176.31
IGPA,2012-08-30 00:00:00,20045.39
IGPA,2012-08-29 00:00:00,20166.79
IGPA,2012-08-28 00:00:00,20177.31
IGPA,2012-08-27 00:00:00,20177.56
IGPA,2012-08-24 00:00:00,20301.26
IGPA,2012-08-23 00:00:00,20371.79
IGPA,2012-08-22 00:00:00,20414.47
IGPA,2012-08-21 00:00:00,20578.35
IGPA,2012-08-20 00:00:00,20628.32
IGPA,2012-08-17 00:00:00,20578.78
IGPA,2012-08-16 00:00:00,20377.94
IGPA,2012-08-14 00:00:00,20259.8
IGPA,2012-08-13 00:00:00,20223.4
IGPA,2012-08-10 00:00:00,20249.42
IGPA,2012-08-09 00:00:00,20157.65
IGPA,2012-08-08 00:00:00,20200.61
IGPA,2012-08-07 00:00:00,20128.29
IGPA,2012-08-06 00:00:00,20269.93
IGPA,2012-08-03 00:00:00,20295.59
IGPA,2012-08-02 00:00:00,19990.1
IGPA,2012-08-01 00:00:00,20235.37
IGPA,2012-07-31 00:00:00,20447.87
IGPA,2012-07-30 00:00:00,20501.49
IGPA,2012-07-27 00:00:00,20560.61
IGPA,2012-07-26 00:00:00,20498.79
IGPA,2012-07-25 00:00:00,20694.93
IGPA,2012-07-24 00:00:00,20788.5
IGPA,2012-07-23 00:00:00,20855.88
IGPA,2012-07-20 00:00:00,21034.89
IGPA,2012-07-19 00:00:00,21066.38
IGPA,2012-07-18 00:00:00,21121.08
IGPA,2012-07-17 00:00:00,21043.67
IGPA,2012-07-13 00:00:00,20984.85
IGPA,2012-07-12 00:00:00,20908.24
IGPA,2012-07-11 00:00:00,20951.14
IGPA,2012-07-10 00:00:00,20898.5
IGPA,2012-07-09 00:00:00,20993.27
IGPA,2012-07-06 00:00:00,21127.37
IGPA,2012-07-05 00:00:00,21181.18
IGPA,2012-07-04 00:00:00,21154.27
IGPA,2012-07-03 00:00:00,21161.29
IGPA,2012-06-29 00:00:00,21079.74
IGPA,2012-06-28 00:00:00,20820.83
IGPA,2012-06-27 00:00:00,20830.12
IGPA,2012-06-26 00:00:00,20778.8
IGPA,2012-06-25 00:00:00,20782.82
IGPA,2012-06-22 00:00:00,20914.4
IGPA,2012-06-21 00:00:00,20922.65
IGPA,2012-06-20 00:00:00,21054.71
IGPA,2012-06-19 00:00:00,20918.93
IGPA,2012-06-18 00:00:00,20850.0
IGPA,2012-06-15 00:00:00,20783.83
IGPA,2012-06-14 00:00:00,20625.37
IGPA,2012-06-13 00:00:00,20564.19
IGPA,2012-06-12 00:00:00,20656.49
IGPA,2012-06-11 00:00:00,20739.12
IGPA,2012-06-08 00:00:00,20898.6
IGPA,2012-06-07 00:00:00,20641.03
IGPA,2012-06-06 00:00:00,20579.62
IGPA,2012-06-05 00:00:00,20319.6
IGPA,2012-06-04 00:00:00,20313.98
IGPA,2012-06-01 00:00:00,20646.86
IGPA,2012-05-31 00:00:00,20802.59
IGPA,2012-05-30 00:00:00,20620.58
IGPA,2012-05-29 00:00:00,20614.93
IGPA,2012-05-28 00:00:00,20575.35
IGPA,2012-05-25 00:00:00,20585.27
IGPA,2012-05-24 00:00:00,20475.49
IGPA,2012-05-23 00:00:00,20396.19
IGPA,2012-05-22 00:00:00,20549.07
IGPA,2012-05-18 00:00:00,20563.78
IGPA,2012-05-17 00:00:00,20705.97
IGPA,2012-05-16 00:00:00,20865.8
IGPA,2012-05-15 00:00:00,21049.76
IGPA,2012-05-14 00:00:00,21283.32
IGPA,2012-05-11 00:00:00,21522.76
IGPA,2012-05-10 00:00:00,21551.1
IGPA,2012-05-09 00:00:00,21580.82
IGPA,2012-05-08 00:00:00,21672.63
IGPA,2012-05-07 00:00:00,21779.24
IGPA,2012-05-04 00:00:00,21706.6
IGPA,2012-05-03 00:00:00,21690.68
IGPA,2012-05-02 00:00:00,21820.5
IGPA,2012-04-30 00:00:00,21925.87
IGPA,2012-04-27 00:00:00,21878.66
IGPA,2012-04-26 00:00:00,21797.65
IGPA,2012-04-25 00:00:00,21819.6
IGPA,2012-04-24 00:00:00,21808.07
IGPA,2012-04-23 00:00:00,21776.12
IGPA,2012-04-20 00:00:00,21945.07
IGPA,2012-04-19 00:00:00,21736.79
IGPA,2012-04-18 00:00:00,21646.07
IGPA,2012-04-17 00:00:00,21625.22
IGPA,2012-04-16 00:00:00,21613.26
IGPA,2012-04-13 00:00:00,21648.33
IGPA,2012-04-12 00:00:00,21734.24
IGPA,2012-04-11 00:00:00,21711.48
IGPA,2012-04-10 00:00:00,21792.16
IGPA,2012-04-09 00:00:00,21940.12
IGPA,2012-04-05 00:00:00,22111.52
IGPA,2012-04-04 00:00:00,22068.03
IGPA,2012-04-03 00:00:00,22155.61
IGPA,2012-04-02 00:00:00,22297.06
IGPA,2012-03-30 00:00:00,22206.86
IGPA,2012-03-29 00:00:00,22123.33
IGPA,2012-03-28 00:00:00,22185.82
IGPA,2012-03-27 00:00:00,22264.64
IGPA,2012-03-26 00:00:00,22132.46
IGPA,2012-03-23 00:00:00,21945.49
IGPA,2012-03-22 00:00:00,21815.82
IGPA,2012-03-21 00:00:00,21926.24
IGPA,2012-03-20 00:00:00,21897.18
IGPA,2012-03-19 00:00:00,22006.21
IGPA,2012-03-16 00:00:00,21782.04
IGPA,2012-03-15 00:00:00,21763.87
IGPA,2012-03-14 00:00:00,21635.72
IGPA,2012-03-13 00:00:00,21536.44
IGPA,2012-03-12 00:00:00,21518.5
IGPA,2012-03-09 00:00:00,21503.83
IGPA,2012-03-08 00:00:00,21484.16
IGPA,2012-03-07 00:00:00,21345.49
IGPA,2012-03-06 00:00:00,21365.37
IGPA,2012-03-05 00:00:00,21454.94
IGPA,2012-03-02 00:00:00,21631.04
IGPA,2012-03-01 00:00:00,21655.49
IGPA,2012-02-29 00:00:00,21546.22
IGPA,2012-02-28 00:00:00,21491.11
IGPA,2012-02-27 00:00:00,21383.24
IGPA,2012-02-24 00:00:00,21404.61
IGPA,2012-02-23 00:00:00,21330.31
IGPA,2012-02-22 00:00:00,21422.96
IGPA,2012-02-21 00:00:00,21433.07
IGPA,2012-02-20 00:00:00,21529.81
IGPA,2012-02-17 00:00:00,21553.14
IGPA,2012-02-16 00:00:00,21336.13
IGPA,2012-02-15 00:00:00,21299.32
IGPA,2012-02-14 00:00:00,21128.59
IGPA,2012-02-13 00:00:00,21108.21
IGPA,2012-02-10 00:00:00,21020.03
IGPA,2012-02-09 00:00:00,20992.73
IGPA,2012-02-08 00:00:00,20836.88
IGPA,2012-02-07 00:00:00,20831.99
IGPA,2012-02-06 00:00:00,20892.29
IGPA,2012-02-03 00:00:00,20908.82
IGPA,2012-02-02 00:00:00,20721.23
IGPA,2012-02-01 00:00:00,20621.1
IGPA,2012-01-31 00:00:00,20454.09
IGPA,2012-01-30 00:00:00,20315.87
IGPA,2012-01-27 00:00:00,20333.44
IGPA,2012-01-26 00:00:00,20303.8
IGPA,2012-01-25 00:00:00,20308.0
IGPA,2012-01-24 00:00:00,20409.02
IGPA,2012-01-23 00:00:00,20438.46
IGPA,2012-01-20 00:00:00,20549.56
IGPA,2012-01-19 00:00:00,20515.38
IGPA,2012-01-18 00:00:00,20433.63
IGPA,2012-01-17 00:00:00,20355.09
IGPA,2012-01-16 00:00:00,20332.91
IGPA,2012-01-13 00:00:00,20281.39
IGPA,2012-01-12 00:00:00,20318.1
IGPA,2012-01-11 00:00:00,20258.1
IGPA,2012-01-10 00:00:00,20289.86
IGPA,2012-01-09 00:00:00,20275.49
IGPA,2012-01-06 00:00:00,20245.87
IGPA,2012-01-05 00:00:00,20197.41
IGPA,2012-01-04 00:00:00,20234.39
IGPA,2012-01-03 00:00:00,20096.13
IGPA,2012-01-02 00:00:00,20049.8
IGPA,2011-12-30 00:00:00,20129.8
IGPA,2011-12-29 00:00:00,20107.09
IGPA,2011-12-28 00:00:00,20016.06
IGPA,2011-12-27 00:00:00,20142.03
IGPA,2011-12-26 00:00:00,20078.76
IGPA,2011-12-23 00:00:00,20156.87
IGPA,2011-12-22 00:00:00,20163.03
IGPA,2011-12-21 00:00:00,20146.59
IGPA,2011-12-20 00:00:00,20074.09
IGPA,2011-12-19 00:00:00,19959.47
IGPA,2011-12-16 00:00:00,19955.93
IGPA,2011-12-15 00:00:00,19942.25
IGPA,2011-12-14 00:00:00,19879.79
IGPA,2011-12-13 00:00:00,20097.0
IGPA,2011-12-12 00:00:00,20062.35
IGPA,2011-12-09 00:00:00,20157.0
IGPA,2011-12-07 00:00:00,20048.98
IGPA,2011-12-06 00:00:00,19817.81
IGPA,2011-12-05 00:00:00,19862.45
IGPA,2011-12-02 00:00:00,20003.42
IGPA,2011-12-01 00:00:00,20002.57
IGPA,2011-11-30 00:00:00,20074.19
IGPA,2011-11-29 00:00:00,19660.89
IGPA,2011-11-28 00:00:00,19646.79
IGPA,2011-11-25 00:00:00,19256.37
IGPA,2011-11-24 00:00:00,19492.36
IGPA,2011-11-23 00:00:00,19506.25
IGPA,2011-11-22 00:00:00,19939.23
IGPA,2011-11-21 00:00:00,20165.47
IGPA,2011-11-18 00:00:00,20480.9
IGPA,2011-11-17 00:00:00,20577.83
IGPA,2011-11-16 00:00:00,20875.62
IGPA,2011-11-15 00:00:00,20802.3
IGPA,2011-11-14 00:00:00,20720.66
IGPA,2011-11-11 00:00:00,20759.75
IGPA,2011-11-10 00:00:00,20562.28
IGPA,2011-11-09 00:00:00,20574.68
IGPA,2011-11-08 00:00:00,20886.02
IGPA,2011-11-07 00:00:00,20781.74
IGPA,2011-11-04 00:00:00,20506.69
IGPA,2011-11-03 00:00:00,20536.53
IGPA,2011-11-02 00:00:00,20508.23
IGPA,2011-10-28 00:00:00,20711.29
IGPA,2011-10-27 00:00:00,20663.03
IGPA,2011-10-26 00:00:00,20020.33
IGPA,2011-10-25 00:00:00,19908.64
IGPA,2011-10-24 00:00:00,20127.89
IGPA,2011-10-21 00:00:00,19830.74
IGPA,2011-10-20 00:00:00,19617.74
IGPA,2011-10-19 00:00:00,19643.85
IGPA,2011-10-18 00:00:00,19502.56
IGPA,2011-10-17 00:00:00,19248.24
IGPA,2011-10-14 00:00:00,19233.73
IGPA,2011-10-13 00:00:00,19262.22
IGPA,2011-10-12 00:00:00,19192.48
IGPA,2011-10-11 00:00:00,18949.27
IGPA,2011-10-07 00:00:00,18660.68
IGPA,2011-10-06 00:00:00,18746.85
IGPA,2011-10-05 00:00:00,18025.93
IGPA,2011-10-04 00:00:00,17707.45
IGPA,2011-10-03 00:00:00,18316.75
IGPA,2011-09-30 00:00:00,18796.89
IGPA,2011-09-29 00:00:00,18847.1
IGPA,2011-09-28 00:00:00,18848.63
IGPA,2011-09-27 00:00:00,18939.51
IGPA,2011-09-26 00:00:00,18520.91
IGPA,2011-09-23 00:00:00,18385.36
IGPA,2011-09-22 00:00:00,18587.52
IGPA,2011-09-21 00:00:00,19468.07
IGPA,2011-09-20 00:00:00,19688.64
IGPA,2011-09-16 00:00:00,19504.91
IGPA,2011-09-15 00:00:00,19578.13
IGPA,2011-09-14 00:00:00,19505.54
IGPA,2011-09-13 00:00:00,19426.26
IGPA,2011-09-12 00:00:00,19325.81
IGPA,2011-09-09 00:00:00,19721.77
IGPA,2011-09-08 00:00:00,20113.6
IGPA,2011-09-07 00:00:00,20165.82
IGPA,2011-09-06 00:00:00,19763.55
IGPA,2011-09-05 00:00:00,19778.88
IGPA,2011-09-02 00:00:00,20333.22
IGPA,2011-09-01 00:00:00,20534.08
IGPA,2011-08-31 00:00:00,20463.36
IGPA,2011-08-30 00:00:00,20366.4
IGPA,2011-08-29 00:00:00,20116.4
IGPA,2011-08-26 00:00:00,19778.32
IGPA,2011-08-25 00:00:00,19776.13
IGPA,2011-08-24 00:00:00,19964.74
IGPA,2011-08-23 00:00:00,19953.93
IGPA,2011-08-22 00:00:00,19775.02
IGPA,2011-08-19 00:00:00,19822.53
IGPA,2011-08-18 00:00:00,19927.06
IGPA,2011-08-17 00:00:00,20242.07
IGPA,2011-08-16 00:00:00,20186.37
IGPA,2011-08-12 00:00:00,20289.66
IGPA,2011-08-11 00:00:00,20142.43
IGPA,2011-08-10 00:00:00,19666.63
IGPA,2011-08-09 00:00:00,19249.64
IGPA,2011-08-08 00:00:00,18360.25
IGPA,2011-08-05 00:00:00,19541.93
IGPA,2011-08-04 00:00:00,19882.14
IGPA,2011-08-03 00:00:00,20659.03
IGPA,2011-08-02 00:00:00,21008.43
IGPA,2011-08-01 00:00:00,21366.76
IGPA,2011-07-29 00:00:00,21166.36
IGPA,2011-07-28 00:00:00,21206.89
IGPA,2011-07-27 00:00:00,21138.75
IGPA,2011-07-26 00:00:00,21607.94
IGPA,2011-07-25 00:00:00,21985.22
IGPA,2011-07-22 00:00:00,22020.36
IGPA,2011-07-21 00:00:00,21979.44
IGPA,2011-07-20 00:00:00,21931.83
IGPA,2011-07-19 00:00:00,22156.66
IGPA,2011-07-18 00:00:00,22196.44
IGPA,2011-07-15 00:00:00,22414.35
IGPA,2011-07-14 00:00:00,22312.41
IGPA,2011-07-13 00:00:00,22406.13
IGPA,2011-07-12 00:00:00,22433.42
IGPA,2011-07-11 00:00:00,22551.3
IGPA,2011-07-08 00:00:00,22612.33
IGPA,2011-07-07 00:00:00,22645.2
IGPA,2011-07-06 00:00:00,22643.87
IGPA,2011-07-05 00:00:00,22750.08
IGPA,2011-07-04 00:00:00,22613.44
IGPA,2011-07-01 00:00:00,22695.5
IGPA,2011-06-30 00:00:00,22642.4
IGPA,2011-06-29 00:00:00,22535.71
IGPA,2011-06-28 00:00:00,22456.58
IGPA,2011-06-24 00:00:00,22191.0
IGPA,2011-06-23 00:00:00,22201.68
IGPA,2011-06-22 00:00:00,22286.38
IGPA,2011-06-21 00:00:00,22232.31
IGPA,2011-06-20 00:00:00,21980.9
IGPA,2011-06-17 00:00:00,21965.22
IGPA,2011-06-16 00:00:00,21604.11
IGPA,2011-06-15 00:00:00,21789.56
IGPA,2011-06-14 00:00:00,22105.89
IGPA,2011-06-13 00:00:00,22170.41
IGPA,2011-06-10 00:00:00,22466.37
IGPA,2011-06-09 00:00:00,22559.16
IGPA,2011-06-08 00:00:00,22764.04
IGPA,2011-06-07 00:00:00,22748.48
IGPA,2011-06-06 00:00:00,22743.72
IGPA,2011-06-03 00:00:00,23007.22
IGPA,2011-06-02 00:00:00,22980.84
IGPA,2011-06-01 00:00:00,22908.78
IGPA,2011-05-31 00:00:00,22929.02
IGPA,2011-05-30 00:00:00,22914.63
IGPA,2011-05-27 00:00:00,22907.23
IGPA,2011-05-26 00:00:00,22896.76
IGPA,2011-05-25 00:00:00,22752.65
IGPA,2011-05-24 00:00:00,22709.45
IGPA,2011-05-23 00:00:00,22743.12
IGPA,2011-05-20 00:00:00,22820.17
IGPA,2011-05-19 00:00:00,22804.22
IGPA,2011-05-18 00:00:00,22986.36
IGPA,2011-05-17 00:00:00,22951.73
IGPA,2011-05-16 00:00:00,22973.61
IGPA,2011-05-13 00:00:00,22966.67
IGPA,2011-05-12 00:00:00,23013.29
IGPA,2011-05-11 00:00:00,22945.73
IGPA,2011-05-10 00:00:00,22983.36
IGPA,2011-05-09 00:00:00,22855.15
IGPA,2011-05-06 00:00:00,22794.19
IGPA,2011-05-05 00:00:00,22686.13
IGPA,2011-05-04 00:00:00,22565.14
IGPA,2011-05-03 00:00:00,22754.8
IGPA,2011-05-02 00:00:00,22811.86
IGPA,2011-04-29 00:00:00,22784.53
IGPA,2011-04-28 00:00:00,22530.36
IGPA,2011-04-27 00:00:00,22514.47
IGPA,2011-04-26 00:00:00,22556.57
IGPA,2011-04-25 00:00:00,22500.31
IGPA,2011-04-21 00:00:00,22457.92
IGPA,2011-04-20 00:00:00,22371.99
IGPA,2011-04-19 00:00:00,22194.21
IGPA,2011-04-18 00:00:00,22067.54
IGPA,2011-04-15 00:00:00,22176.38
IGPA,2011-04-14 00:00:00,22133.09
IGPA,2011-04-13 00:00:00,22093.17
IGPA,2011-04-12 00:00:00,21994.89
IGPA,2011-04-11 00:00:00,22280.09
IGPA,2011-04-08 00:00:00,22356.26
IGPA,2011-04-07 00:00:00,22370.93
IGPA,2011-04-06 00:00:00,22519.16
IGPA,2011-04-05 00:00:00,22446.22
IGPA,2011-04-04 00:00:00,22335.59
IGPA,2011-04-01 00:00:00,22235.76
IGPA,2011-03-31 00:00:00,21871.92
IGPA,2011-03-30 00:00:00,21747.13
IGPA,2011-03-29 00:00:00,21602.97
IGPA,2011-03-28 00:00:00,21744.57
IGPA,2011-03-25 00:00:00,21722.1
IGPA,2011-03-24 00:00:00,21748.88
IGPA,2011-03-23 00:00:00,21580.3
IGPA,2011-03-22 00:00:00,21412.0
IGPA,2011-03-21 00:00:00,21110.94
IGPA,2011-03-18 00:00:00,20653.89
IGPA,2011-03-17 00:00:00,20706.7
IGPA,2011-03-16 00:00:00,20726.46
IGPA,2011-03-15 00:00:00,20842.99
IGPA,2011-03-14 00:00:00,20723.44
IGPA,2011-03-11 00:00:00,20725.3
IGPA,2011-03-10 00:00:00,20924.79
IGPA,2011-03-09 00:00:00,21233.71
IGPA,2011-03-08 00:00:00,21365.44
IGPA,2011-03-07 00:00:00,21406.36
IGPA,2011-03-04 00:00:00,21562.01
IGPA,2011-03-03 00:00:00,21492.19
IGPA,2011-03-02 00:00:00,21122.01
IGPA,2011-03-01 00:00:00,21065.63
IGPA,2011-02-28 00:00:00,21229.26
IGPA,2011-02-25 00:00:00,20959.42
IGPA,2011-02-24 00:00:00,20679.86
IGPA,2011-02-23 00:00:00,20628.29
IGPA,2011-02-22 00:00:00,20943.02
IGPA,2011-02-21 00:00:00,21197.0
IGPA,2011-02-18 00:00:00,21310.33
IGPA,2011-02-17 00:00:00,21434.51
IGPA,2011-02-16 00:00:00,21659.79
IGPA,2011-02-15 00:00:00,21788.92
IGPA,2011-02-14 00:00:00,21911.42
IGPA,2011-02-11 00:00:00,21797.99
IGPA,2011-02-10 00:00:00,21388.39
IGPA,2011-02-09 00:00:00,21263.57
IGPA,2011-02-08 00:00:00,21715.96
IGPA,2011-02-07 00:00:00,21901.0
IGPA,2011-02-04 00:00:00,21987.4
IGPA,2011-02-03 00:00:00,21827.73
IGPA,2011-02-02 00:00:00,22088.0
IGPA,2011-02-01 00:00:00,22384.38
IGPA,2011-01-31 00:00:00,22248.93
IGPA,2011-01-28 00:00:00,22240.74
IGPA,2011-01-27 00:00:00,22631.42
IGPA,2011-01-26 00:00:00,22920.68
IGPA,2011-01-25 00:00:00,22881.91
IGPA,2011-01-24 00:00:00,23074.75
IGPA,2011-01-21 00:00:00,23042.48
IGPA,2011-01-20 00:00:00,23012.61
IGPA,2011-01-19 00:00:00,23134.02
IGPA,2011-01-18 00:00:00,23226.02
IGPA,2011-01-17 00:00:00,23226.21
IGPA,2011-01-14 00:00:00,23179.08
IGPA,2011-01-13 00:00:00,23190.98
IGPA,2011-01-12 00:00:00,22948.26
IGPA,2011-01-11 00:00:00,22762.95
IGPA,2011-01-10 00:00:00,22900.28
IGPA,2011-01-07 00:00:00,23210.23
IGPA,2011-01-06 00:00:00,23342.48
IGPA,2011-01-05 00:00:00,23465.63
IGPA,2011-01-04 00:00:00,23385.92
IGPA,2011-01-03 00:00:00,23147.53
IGPA,2010-12-30 00:00:00,22979.22
IGPA,2010-12-29 00:00:00,22826.73
IGPA,2010-12-28 00:00:00,22636.19
IGPA,2010-12-27 00:00:00,22668.77
IGPA,2010-12-24 00:00:00,22921.59
IGPA,2010-12-23 00:00:00,22875.7
IGPA,2010-12-22 00:00:00,22842.14
IGPA,2010-12-21 00:00:00,23069.76
IGPA,2010-12-20 00:00:00,23222.14
IGPA,2010-12-17 00:00:00,23269.54
IGPA,2010-12-16 00:00:00,23240.76
IGPA,2010-12-15 00:00:00,23209.35
IGPA,2010-12-14 00:00:00,23101.27
IGPA,2010-12-13 00:00:00,23002.62
IGPA,2010-12-10 00:00:00,23012.71
IGPA,2010-12-09 00:00:00,23034.09
IGPA,2010-12-07 00:00:00,23125.31
IGPA,2010-12-06 00:00:00,22991.25
IGPA,2010-12-03 00:00:00,23006.22
IGPA,2010-12-02 00:00:00,23014.93
IGPA,2010-12-01 00:00:00,22943.26
IGPA,2010-11-30 00:00:00,22927.69
IGPA,2010-11-29 00:00:00,22995.22
IGPA,2010-11-26 00:00:00,23015.39
IGPA,2010-11-25 00:00:00,23087.38
IGPA,2010-11-24 00:00:00,23115.21
IGPA,2010-11-23 00:00:00,22943.65
IGPA,2010-11-22 00:00:00,23086.42
IGPA,2010-11-19 00:00:00,23015.34
IGPA,2010-11-18 00:00:00,22893.67
IGPA,2010-11-17 00:00:00,22755.45
IGPA,2010-11-16 00:00:00,22702.75
IGPA,2010-11-15 00:00:00,22986.41
IGPA,2010-11-12 00:00:00,23053.09
IGPA,2010-11-11 00:00:00,23192.4
IGPA,2010-11-10 00:00:00,23226.22
IGPA,2010-11-09 00:00:00,23255.98
IGPA,2010-11-08 00:00:00,23155.05
IGPA,2010-11-05 00:00:00,22992.55
IGPA,2010-11-04 00:00:00,23044.77
IGPA,2010-11-03 00:00:00,23077.19
IGPA,2010-11-02 00:00:00,23145.48
IGPA,2010-10-29 00:00:00,22874.62
IGPA,2010-10-28 00:00:00,22760.52
IGPA,2010-10-27 00:00:00,22730.79
IGPA,2010-10-26 00:00:00,22553.51
IGPA,2010-10-25 00:00:00,22447.65
IGPA,2010-10-22 00:00:00,22396.87
IGPA,2010-10-21 00:00:00,22333.15
IGPA,2010-10-20 00:00:00,22260.67
IGPA,2010-10-19 00:00:00,22241.95
IGPA,2010-10-18 00:00:00,22179.43
IGPA,2010-10-15 00:00:00,22129.09
IGPA,2010-10-14 00:00:00,22266.57
IGPA,2010-10-13 00:00:00,22363.3
IGPA,2010-10-12 00:00:00,21891.86
IGPA,2010-10-08 00:00:00,22005.7
IGPA,2010-10-07 00:00:00,22012.58
IGPA,2010-10-06 00:00:00,22221.3
IGPA,2010-10-05 00:00:00,22288.88
IGPA,2010-10-04 00:00:00,22332.72
IGPA,2010-10-01 00:00:00,22393.44
IGPA,2010-09-30 00:00:00,22355.95
IGPA,2010-09-29 00:00:00,22310.56
IGPA,2010-09-28 00:00:00,22406.58
IGPA,2010-09-27 00:00:00,22325.02
IGPA,2010-09-24 00:00:00,22151.94
IGPA,2010-09-23 00:00:00,22149.02
IGPA,2010-09-22 00:00:00,22322.96
IGPA,2010-09-21 00:00:00,22509.36
IGPA,2010-09-16 00:00:00,22499.78
IGPA,2010-09-15 00:00:00,22532.23
IGPA,2010-09-14 00:00:00,22467.95
IGPA,2010-09-13 00:00:00,22311.06
IGPA,2010-09-10 00:00:00,22106.52
IGPA,2010-09-09 00:00:00,22021.98
IGPA,2010-09-08 00:00:00,21844.99
IGPA,2010-09-07 00:00:00,21595.27
IGPA,2010-09-06 00:00:00,21694.45
IGPA,2010-09-03 00:00:00,21673.71
IGPA,2010-09-02 00:00:00,21538.51
IGPA,2010-09-01 00:00:00,21474.59
IGPA,2010-08-31 00:00:00,21239.7
IGPA,2010-08-30 00:00:00,21067.94
IGPA,2010-08-27 00:00:00,21020.82
IGPA,2010-08-26 00:00:00,20926.87
IGPA,2010-08-25 00:00:00,20916.17
IGPA,2010-08-24 00:00:00,21109.28
IGPA,2010-08-23 00:00:00,21170.54
IGPA,2010-08-20 00:00:00,21124.9
IGPA,2010-08-19 00:00:00,21142.91
IGPA,2010-08-18 00:00:00,21086.58
IGPA,2010-08-17 00:00:00,20996.22
IGPA,2010-08-16 00:00:00,20852.93
IGPA,2010-08-13 00:00:00,20848.3
IGPA,2010-08-12 00:00:00,20514.25
IGPA,2010-08-11 00:00:00,20536.85
IGPA,2010-08-10 00:00:00,20893.35
IGPA,2010-08-09 00:00:00,20949.93
IGPA,2010-08-06 00:00:00,20807.99
IGPA,2010-08-05 00:00:00,20707.48
IGPA,2010-08-04 00:00:00,20607.53
IGPA,2010-08-03 00:00:00,20463.01
IGPA,2010-08-02 00:00:00,20514.75
IGPA,2010-07-30 00:00:00,20296.63
IGPA,2010-07-29 00:00:00,20262.42
IGPA,2010-07-28 00:00:00,20241.85
IGPA,2010-07-27 00:00:00,20272.59
IGPA,2010-07-26 00:00:00,20197.46
IGPA,2010-07-23 00:00:00,20026.73
IGPA,2010-07-22 00:00:00,19928.27
IGPA,2010-07-21 00:00:00,19855.24
IGPA,2010-07-20 00:00:00,19657.0
IGPA,2010-07-19 00:00:00,19521.23
IGPA,2010-07-15 00:00:00,19553.33
IGPA,2010-07-14 00:00:00,19525.42
IGPA,2010-07-13 00:00:00,19474.78
IGPA,2010-07-12 00:00:00,19303.53
IGPA,2010-07-09 00:00:00,19342.85
IGPA,2010-07-08 00:00:00,19295.79
IGPA,2020-07-29 00:00:00,20144.400390625
IGPA,2020-07-30 00:00:00,19994.140625
IGPA,2020-07-31 00:00:00,20088.009765625
IGPA,2020-08-03 00:00:00,20145.759765625
IGPA,2020-08-04 00:00:00,19898.0703125
IGPA,2020-08-05 00:00:00,19915.0
IGPA,2020-08-06 00:00:00,19937.2890625
IGPA,2020-08-07 00:00:00,20143.0
IGPA,2020-08-10 00:00:00,20189.109375
IGPA,2020-08-11 00:00:00,20260.009765625
IGPA,2020-08-12 00:00:00,20373.76953125
IGPA,2020-08-13 00:00:00,20254.01953125
IGPA,2020-08-14 00:00:00,20313.0703125
IGPA,2020-08-17 00:00:00,20425.640625
IGPA,2020-08-18 00:00:00,20346.439453125
IGPA,2020-08-19 00:00:00,20231.169921875
IGPA,2020-08-20 00:00:00,20132.3203125
IGPA,2020-08-21 00:00:00,20199.05078125
